observation_date,unemployment_rate,yield_curve,initial_claims,recession,recession_start,recession_next_12m,industrial_production,industrial_production_growth,unemployment_realtime,unemployment_source_date,industrial_growth_realtime,indpro_latest_source_date,claims_pit,claims_method,yield_curve_pit,yield_curve_method,unemployment_pit,industrial_growth_pit
1978-01-31,6.4,0.4704761904761904,351000.0,0,0,0,47.8481,,6.4,1977-12-01,4.96240601503759,1977-12-01,359600.0,lagged historical,0.5085714285714286,lagged historical,6.4,4.96240601503759
1978-02-28,6.3,0.4683333333333333,383250.0,0,0,0,48.1044,,6.3,1978-01-01,4.761904761904745,1978-01-01,351000.0,lagged historical,0.4704761904761904,lagged historical,6.3,4.761904761904745
1978-03-31,6.3,0.4609090909090909,349000.0,0,0,0,49.0265,,6.1,1978-02-01,4.504504504504503,1978-02-01,383250.0,lagged historical,0.4683333333333333,lagged historical,6.1,4.504504504504503
1978-04-30,6.1,0.4105,326000.0,0,0,0,50.0206,,6.2,1978-03-01,4.212860310421274,1978-03-01,349000.0,lagged historical,0.4609090909090909,lagged historical,6.2,4.212860310421274
1978-05-31,6.0,0.3395238095238095,327000.0,0,0,0,50.254,5.484550104846431,6.0,1978-04-01,4.702424687729612,1978-04-01,326000.0,lagged historical,0.4105,lagged historical,6.0,4.702424687729612
1978-06-30,5.9,0.2227272727272727,324250.0,0,0,0,50.5801,5.349748810704069,6.1,1978-05-01,4.890510948905091,1978-05-01,327000.0,lagged historical,0.3395238095238095,lagged historical,6.1,4.890510948905091
1978-07-31,6.2,0.1505,350200.0,0,0,0,50.5384,5.128450481559299,5.7,1978-06-01,4.716981132075482,1978-06-01,324250.0,lagged historical,0.2227272727272727,lagged historical,5.7,4.716981132075482
1978-08-31,5.9,0.0443478260869565,348750.0,0,0,0,50.7458,5.455678972579259,6.2,1978-07-01,4.758471521268937,1978-07-01,350200.0,lagged historical,0.1505,lagged historical,6.2,4.758471521268937
1978-09-30,6.0,-0.149,322600.0,0,0,0,50.8744,5.288820730604393,5.9,1978-08-01,6.154960173787116,1978-08-01,348750.0,lagged historical,0.0443478260869565,lagged historical,5.9,6.154960173787116
1978-10-31,5.8,-0.2114285714285714,328250.0,0,0,0,51.2559,5.928852938076479,6.0,1978-09-01,6.498194945848379,1978-09-01,322600.0,lagged historical,-0.149,lagged historical,6.0,6.498194945848379
1978-11-30,5.9,-0.6195,330500.0,0,0,0,51.6514,6.550238158597743,5.8,1978-10-01,6.839452843772498,1978-10-01,328250.0,lagged historical,-0.2114285714285714,lagged historical,5.8,6.839452843772498
1978-12-31,6.0,-0.709,355600.0,0,0,0,51.909,6.890239256716546,5.8,1978-11-01,7.322325915290739,1978-11-01,330500.0,lagged historical,-0.6195,lagged historical,5.8,7.322325915290739
1979-01-31,5.9,-0.7604545454545455,357500.0,0,0,0,51.6278,7.899373224851147,5.9,1978-12-01,7.659269863994278,1978-12-01,355600.0,lagged historical,-0.709,lagged historical,5.9,7.659269863994278
1979-02-28,5.9,-0.6183333333333333,358500.0,0,0,1,51.8752,7.8387839781807855,5.8,1979-01-01,8.573487031700267,1979-01-01,357500.0,lagged historical,-0.7604545454545455,lagged historical,5.8,8.573487031700267
1979-03-31,5.8,-0.6722727272727272,358000.0,0,0,1,52.0446,6.156058458180791,5.7,1979-02-01,8.62068965517242,1979-02-01,358500.0,lagged historical,-0.6183333333333333,lagged historical,5.7,8.62068965517242
1979-04-30,5.8,-0.5965,415500.0,0,0,1,51.4193,2.796247945846297,5.7,1979-03-01,8.019872249822546,1979-03-01,358000.0,lagged historical,-0.6722727272727272,lagged historical,5.7,8.019872249822546
1979-05-31,5.6,-0.5314285714285715,348000.0,0,0,1,51.8856,3.246706729812554,5.8,1979-04-01,5.0977653631284925,1979-04-01,415500.0,lagged historical,-0.5965,lagged historical,5.8,5.0977653631284925
1979-06-30,5.7,-0.3066666666666667,360000.0,0,0,1,51.8965,2.602604581643764,5.8,1979-05-01,5.698401667824871,1979-05-01,348000.0,lagged historical,-0.5314285714285715,lagged historical,5.8,5.698401667824871
1979-07-31,5.7,-0.1876190476190476,379250.0,0,0,1,51.8097,2.515512956484578,5.6,1979-06-01,4.485852311939276,1979-06-01,360000.0,lagged historical,-0.3066666666666667,lagged historical,5.6,4.485852311939276
1979-08-31,6.0,-0.4291304347826086,393750.0,0,0,1,51.4684,1.423960209514874,5.7,1979-07-01,3.3990482664853827,1979-07-01,379250.0,lagged historical,-0.1876190476190476,lagged historical,5.7,3.3990482664853827
1979-09-30,5.9,-0.7215789473684211,385800.0,0,0,1,51.4597,1.1504803987860246,6.0,1979-08-01,1.959459459459456,1979-08-01,393750.0,lagged historical,-0.4291304347826086,lagged historical,6.0,1.959459459459456
1979-10-31,6.0,-1.1904545454545454,402250.0,0,0,1,51.8334,1.126699560440847,5.8,1979-09-01,2.489905787348601,1979-09-01,385800.0,lagged historical,-0.7215789473684211,lagged historical,5.8,2.489905787348601
1979-11-30,5.9,-1.1552631578947368,413250.0,0,0,1,51.7531,0.1968968895325273,6.0,1979-10-01,1.8704074816299432,1979-10-01,402250.0,lagged historical,-1.1904545454545454,lagged historical,6.0,1.8704074816299432
1979-12-31,6.0,-1.0045,428200.0,0,0,1,51.7878,-0.2334855227417276,5.8,1979-11-01,0.6640106241699861,1979-11-01,413250.0,lagged historical,-1.1552631578947368,lagged historical,5.8,0.6640106241699861
1980-01-31,6.3,-0.6959090909090909,414250.0,0,0,1,52.0679,0.8524477122790364,5.9,1979-12-01,0.2635046113306893,1979-12-01,428200.0,lagged historical,-1.0045,lagged historical,5.9,0.2635046113306893
1980-02-29,6.3,-1.0036842105263155,418000.0,1,1,0,52.082,0.3986490654493968,6.2,1980-01-01,0.7920792079207928,1980-01-01,414250.0,lagged historical,-0.6959090909090909,lagged historical,6.2,0.7920792079207928
1980-03-31,6.3,-2.1357142857142857,433800.0,1,0,0,51.87,-0.3354814908751447,6.0,1980-02-01,0.6578947368421018,1980-02-01,418000.0,lagged historical,-1.0036842105263155,lagged historical,6.0,0.6578947368421018
1980-04-30,6.9,-1.0285714285714287,529750.0,1,0,0,50.8397,-1.1272032096897422,6.2,1980-03-01,-1.176470588235301,1980-03-01,433800.0,lagged historical,-2.1357142857142857,lagged historical,6.2,-1.176470588235301
1980-05-31,7.5,0.7314285714285714,615800.0,1,0,0,49.589,-4.4262762693309865,7.0,1980-04-01,-1.525198938992045,1980-04-01,529750.0,lagged historical,-1.0285714285714287,lagged historical,7.0,-1.525198938992045
1980-06-30,7.6,1.05,607000.0,1,0,0,48.9482,-5.68111529679266,7.8,1980-05-01,-4.527559055118113,1980-05-01,615800.0,lagged historical,0.7314285714285714,lagged historical,7.8,-4.527559055118113
1980-07-31,7.8,1.2181818181818185,559250.0,1,0,0,48.6039,-6.187644398635772,7.7,1980-06-01,-7.470511140235914,1980-06-01,607000.0,lagged historical,1.05,lagged historical,7.7,-7.470511140235914
1980-08-31,7.7,0.5742857142857143,528200.0,0,0,1,48.7563,-5.269446883913231,7.8,1980-07-01,-9.162303664921469,1980-07-01,559250.0,lagged historical,1.2181818181818185,lagged historical,7.8,-9.162303664921469
1980-09-30,7.5,-0.0661904761904762,482750.0,0,0,1,49.5608,-3.6900720369531848,7.6,1980-08-01,-7.626561472715321,1980-08-01,528200.0,lagged historical,0.5742857142857143,lagged historical,7.6,-7.626561472715321
1980-10-31,7.5,-0.3368181818181818,438000.0,0,0,1,50.1908,-3.168999139550932,7.5,1980-09-01,-6.745252128356238,1980-09-01,482750.0,lagged historical,-0.0661904761904762,lagged historical,7.5,-6.745252128356238
1980-11-30,7.5,-0.8294117647058823,412600.0,0,0,1,51.0311,-1.3950855117857652,7.6,1980-10-01,-4.387688277668622,1980-10-01,438000.0,lagged historical,-0.3368181818181818,lagged historical,7.6,-4.387688277668622
1980-12-31,7.2,-1.232727272727273,410000.0,0,0,1,51.3708,-0.8052089488257752,7.5,1980-11-01,-2.4950755088640864,1980-11-01,412600.0,lagged historical,-0.8294117647058823,lagged historical,7.5,-2.4950755088640864
1981-01-31,7.5,-0.6938095238095239,413000.0,0,0,1,51.0415,-1.9712721273567824,7.4,1980-12-01,-1.180327868852471,1980-12-01,410000.0,lagged historical,-1.232727272727273,lagged historical,7.4,-1.180327868852471
1981-02-28,7.4,-0.7244444444444444,428750.0,0,0,1,50.824,-2.415421834798981,7.4,1981-01-01,-0.5893909626718874,1981-01-01,413000.0,lagged historical,-0.6938095238095239,lagged historical,7.4,-0.5893909626718874
1981-03-31,7.4,-0.4527272727272727,407500.0,0,0,1,51.0826,-1.5180258338153063,7.3,1981-02-01,-1.179554390563553,1981-02-01,428750.0,lagged historical,-0.7244444444444444,lagged historical,7.3,-1.179554390563553
1981-04-30,7.2,-0.4719047619047619,410250.0,0,0,1,50.858,0.0359954917121818,7.3,1981-03-01,-0.2629848783694988,1981-03-01,407500.0,lagged historical,-0.4527272727272727,lagged historical,7.3,-0.2629848783694988
1981-05-31,7.5,-1.3575,416400.0,0,0,1,51.1495,3.1468672487850124,7.3,1981-04-01,3.03438975050574,1981-04-01,410250.0,lagged historical,-0.4719047619047619,lagged historical,7.3,3.03438975050574
1981-06-30,7.5,-1.0336363636363637,433000.0,0,0,1,51.4101,5.029602722878468,7.6,1981-05-01,6.111111111111112,1981-05-01,416400.0,lagged historical,-1.3575,lagged historical,7.6,6.111111111111112
1981-07-31,7.2,-1.0731818181818182,430750.0,0,0,1,51.7471,6.466970757490653,7.3,1981-06-01,7.915194346289756,1981-06-01,433000.0,lagged historical,-1.0336363636363637,lagged historical,7.3,7.915194346289756
1981-08-31,7.4,-1.3476190476190475,450200.0,1,1,0,51.6826,6.001891037671014,7.0,1981-07-01,9.259259259259256,1981-07-01,430750.0,lagged historical,-1.0731818181818182,lagged historical,7.0,9.259259259259256
1981-09-30,7.6,-1.1338095238095238,473250.0,1,0,0,51.4337,3.778994689351256,7.2,1981-08-01,7.454289732770758,1981-08-01,450200.0,lagged historical,-1.3476190476190475,lagged historical,7.2,7.454289732770758
1981-10-31,7.9,-0.3947619047619047,492800.0,1,0,0,51.0281,1.6682340189835498,7.5,1981-09-01,5.332409972299157,1981-09-01,473250.0,lagged historical,-1.1338095238095238,lagged historical,7.5,5.332409972299157
1981-11-30,8.3,0.5111111111111111,511750.0,1,0,0,50.435,-1.1681112106147085,8.0,1981-10-01,1.9781718963165047,1981-10-01,492800.0,lagged historical,-0.3947619047619047,lagged historical,8.0,1.9781718963165047
1981-12-31,8.5,0.4340909090909091,551000.0,1,0,0,49.8987,-2.8656357308042835,8.4,1981-11-01,-1.8096514745308268,1981-11-01,511750.0,lagged historical,0.5111111111111111,lagged historical,8.4,-1.8096514745308268
1982-01-31,8.6,0.026,535200.0,1,0,0,48.8685,-4.257320023902123,8.9,1981-12-01,-4.720744680851063,1981-12-01,551000.0,lagged historical,0.4340909090909091,lagged historical,8.9,-4.720744680851063
1982-02-28,8.9,-0.3977777777777778,533750.0,1,0,0,49.8636,-1.8896584290886145,8.5,1982-01-01,-8.124174372523129,1982-01-01,535200.0,lagged historical,0.026,lagged historical,8.5,-8.124174372523129
1982-03-31,9.0,-0.3330434782608695,556500.0,1,0,0,49.5323,-3.034888592201645,8.8,1982-02-01,-6.587615283267456,1982-02-01,533750.0,lagged historical,-0.3977777777777778,lagged historical,8.8,-6.587615283267456
1982-04-30,9.3,-0.3304761904761905,587000.0,1,0,0,49.075,-3.5058397892170245,9.0,1982-03-01,-7.166337935568712,1982-03-01,556500.0,lagged historical,-0.3330434782608695,lagged historical,9.0,-7.166337935568712
1982-05-31,9.4,-0.1545,583800.0,1,0,0,48.7483,-4.694474041779495,9.4,1982-04-01,-7.373271889400934,1982-04-01,587000.0,lagged historical,-0.3304761904761905,lagged historical,9.4,-7.373271889400934
1982-06-30,9.6,-0.1659090909090909,599500.0,1,0,0,48.6214,-5.424420493249382,9.5,1982-05-01,-8.120497707924024,1982-05-01,583800.0,lagged historical,-0.1545,lagged historical,9.5,-8.120497707924024
1982-07-31,9.8,0.149047619047619,576000.0,1,0,0,48.4616,-6.349148068200938,9.5,1982-06-01,-9.483322432962716,1982-06-01,599500.0,lagged historical,-0.1659090909090909,lagged historical,9.5,-9.483322432962716
1982-08-31,9.8,0.7313636363636363,629500.0,1,0,0,48.0192,-7.088265683228013,9.8,1982-07-01,-10.266406757634838,1982-07-01,576000.0,lagged historical,0.149047619047619,lagged historical,9.8,-10.266406757634838
1982-09-30,10.1,0.5557142857142857,660750.0,1,0,0,47.9008,-6.868842801509523,9.8,1982-08-01,-10.15625,1982-08-01,629500.0,lagged historical,0.7313636363636363,lagged historical,9.8,-10.15625
1982-10-31,10.4,0.719,652400.0,1,0,0,47.4371,-7.0372990567942,10.1,1982-09-01,-9.432717678100255,1982-09-01,660750.0,lagged historical,0.5557142857142857,lagged historical,10.1,-9.432717678100255
1982-11-30,10.8,0.7547368421052632,594250.0,1,0,0,47.283,-6.24962823436106,10.4,1982-10-01,-8.584842387659275,1982-10-01,652400.0,lagged historical,0.719,lagged historical,10.4,-8.584842387659275
1982-12-31,10.8,0.8777272727272727,523750.0,0,0,0,46.9485,-5.912378478798031,10.8,1982-11-01,-7.313738892686272,1982-11-01,594250.0,lagged historical,0.7547368421052632,lagged historical,10.8,-7.313738892686272
1983-01-31,10.4,1.1295238095238094,501000.0,0,0,0,47.8234,-2.13859643737786,10.8,1982-12-01,-6.066945606694574,1982-12-01,523750.0,lagged historical,0.8777272727272727,lagged historical,10.8,-6.066945606694574
1983-02-28,10.4,1.088421052631579,488750.0,0,0,0,47.5233,-4.693403605034529,10.4,1983-01-01,-3.1982942430703654,1983-01-01,501000.0,lagged historical,1.1295238095238094,lagged historical,10.4,-3.1982942430703654
1983-03-31,10.3,0.8504347826086956,480250.0,0,0,0,47.9244,-3.246164623891889,10.4,1983-02-01,-3.918824352694184,1983-02-01,488750.0,lagged historical,1.088421052631579,lagged historical,10.4,-3.918824352694184
1983-04-30,10.2,0.8320000000000001,496000.0,0,0,0,48.5311,-1.1083036169128868,10.3,1983-03-01,-1.834862385321101,1983-03-01,480250.0,lagged historical,0.8504347826086956,lagged historical,10.3,-1.834862385321101
1983-05-31,10.1,0.8909523809523809,468000.0,0,0,0,48.8239,0.1550823310761728,10.2,1983-04-01,1.711840228245376,1983-04-01,496000.0,lagged historical,0.8320000000000001,lagged historical,10.2,1.711840228245376
1983-06-30,10.1,0.6668181818181819,444250.0,0,0,0,49.123,1.0316445022150678,10.1,1983-05-01,3.6637931034482873,1983-05-01,468000.0,lagged historical,0.8909523809523809,lagged historical,10.1,3.6637931034482873
1983-07-31,9.4,0.692,408000.0,0,0,0,49.8546,2.8744407943609,10.0,1983-06-01,5.1910598413843045,1983-06-01,444250.0,lagged historical,0.6668181818181819,lagged historical,10.0,5.1910598413843045
1983-08-31,9.5,0.7756521739130434,435750.0,0,0,0,50.4443,5.050271558043451,9.5,1983-07-01,7.060518731988452,1983-07-01,408000.0,lagged historical,0.692,lagged historical,9.5,7.060518731988452
1983-09-30,9.2,0.8638095238095238,408750.0,0,0,0,51.178,6.8416393880686766,9.5,1983-08-01,8.742774566473987,1983-08-01,435750.0,lagged historical,0.7756521739130434,lagged historical,9.5,8.742774566473987
1983-10-31,8.8,0.97,402200.0,0,0,0,51.5693,8.710903491149335,9.3,1983-09-01,11.944646758922062,1983-09-01,408750.0,lagged historical,0.8638095238095238,lagged historical,9.3,11.944646758922062
1983-11-30,8.5,1.0257894736842106,392500.0,0,0,0,51.7993,9.551635894507536,8.8,1983-10-01,14.075165806927073,1983-10-01,402200.0,lagged historical,0.97,lagged historical,8.8,14.075165806927073
1983-12-31,8.3,0.9928571428571428,368800.0,0,0,0,52.0594,10.886183797139417,8.4,1983-11-01,15.86360266864344,1983-11-01,392500.0,lagged historical,1.0257894736842106,lagged historical,8.4,15.86360266864344
1984-01-31,8.0,1.031904761904762,351000.0,0,0,0,53.0985,11.03037425193525,8.2,1983-12-01,16.050295857988182,1983-12-01,368800.0,lagged historical,0.9928571428571428,lagged historical,8.2,16.050295857988182
1984-02-29,7.8,1.056842105263158,339250.0,0,0,0,53.3318,12.222425631216694,8.0,1984-01-01,15.0655021834061,1984-01-01,351000.0,lagged historical,1.031904761904762,lagged historical,8.0,15.0655021834061
1984-03-31,7.8,1.0045454545454546,345800.0,0,0,0,53.5929,11.828004106467692,7.8,1984-02-01,15.785662563359892,1984-02-01,339250.0,lagged historical,1.056842105263158,lagged historical,7.8,15.785662563359892
1984-04-30,7.7,0.9475,369250.0,0,0,0,53.91,11.083408371126955,7.8,1984-03-01,14.785714285714269,1984-03-01,345800.0,lagged historical,1.0045454545454546,lagged historical,7.8,14.785714285714269
1984-05-31,7.4,0.9386363636363636,360250.0,0,0,0,54.2026,11.016530838380367,7.8,1984-04-01,14.37587657784012,1984-04-01,369250.0,lagged historical,0.9475,lagged historical,7.8,14.37587657784012
1984-06-30,7.2,0.6561904761904762,361400.0,0,0,0,54.4014,10.74527207214544,7.5,1984-05-01,13.019390581717438,1984-05-01,360250.0,lagged historical,0.9386363636363636,lagged historical,7.5,13.019390581717438
1984-07-31,7.5,0.4847619047619047,360500.0,0,0,0,54.5521,9.422400340189284,7.1,1984-06-01,11.748633879781424,1984-06-01,361400.0,lagged historical,0.6561904761904762,lagged historical,7.1,11.748633879781424
1984-08-31,7.5,0.2817391304347826,389500.0,0,0,0,54.6083,8.254649187321462,7.5,1984-07-01,10.62124248496994,1984-07-01,360500.0,lagged historical,0.4847619047619047,lagged historical,7.5,10.62124248496994
1984-09-30,7.3,0.3178947368421053,395400.0,0,0,0,54.4466,6.386728672476449,7.5,1984-08-01,9.486166007905128,1984-08-01,389500.0,lagged historical,0.2817391304347826,lagged historical,7.5,9.486166007905128
1984-10-31,7.4,0.5604545454545454,419250.0,0,0,0,54.4406,5.567847537197523,7.4,1984-09-01,7.347204161248366,1984-09-01,395400.0,lagged historical,0.3178947368421053,lagged historical,7.4,7.347204161248366
1984-11-30,7.2,0.9236842105263158,407000.0,0,0,0,54.624,5.453162494473873,7.4,1984-10-01,6.580645161290311,1984-10-01,419250.0,lagged historical,0.5604545454545454,lagged historical,7.4,6.580645161290311
1984-12-31,7.3,1.318,385600.0,0,0,0,54.6416,4.960103266653104,7.2,1984-11-01,6.245975531229875,1984-11-01,407000.0,lagged historical,0.9236842105263158,lagged historical,7.2,6.245975531229875
1985-01-31,7.3,1.4533333333333334,370750.0,0,0,0,54.6322,2.888405510513481,7.2,1984-12-01,6.402048655569792,1984-12-01,385600.0,lagged historical,1.318,lagged historical,7.2,6.402048655569792
1985-02-28,7.2,1.3433333333333333,391750.0,0,0,0,54.7825,2.7201407040452263,7.4,1985-01-01,5.110410094637219,1985-01-01,370750.0,lagged historical,1.4533333333333334,lagged historical,7.4,5.110410094637219
1985-03-31,7.2,1.1423809523809525,380800.0,0,0,0,54.8653,2.374195089274877,7.3,1985-02-01,2.937499999999993,1985-02-01,391750.0,lagged historical,1.3433333333333333,lagged historical,7.3,2.937499999999993
1985-04-30,7.3,1.345714285714286,398250.0,0,0,0,54.7459,1.55054720831016,7.3,1985-03-01,2.8606965174129417,1985-03-01,380800.0,lagged historical,1.1423809523809525,lagged historical,7.3,2.8606965174129417
1985-05-31,7.2,1.4527272727272729,392750.0,0,0,0,54.8255,1.1492068646153486,7.3,1985-04-01,2.035780382479957,1985-04-01,398250.0,lagged historical,1.345714285714286,lagged historical,7.3,2.035780382479957
1985-06-30,7.4,1.468,392400.0,0,0,0,54.7989,0.7306797251541264,7.3,1985-05-01,1.535626535626533,1985-05-01,392750.0,lagged historical,1.4527272727272729,lagged historical,7.3,1.535626535626533
1985-07-31,7.4,1.5336363636363637,378250.0,0,0,0,54.5396,-0.0229138749929025,7.3,1985-06-01,1.880621422730977,1985-06-01,392400.0,lagged historical,1.468,lagged historical,7.3,1.880621422730977
1985-08-31,7.1,1.3881818181818182,404400.0,0,0,0,54.7055,0.1779949201861308,7.3,1985-07-01,1.379870129870131,1985-07-01,378250.0,lagged historical,1.5336363636363637,lagged historical,7.3,1.379870129870131
1985-09-30,7.1,1.39,408500.0,0,0,0,54.8906,0.8154779178130456,7.0,1985-08-01,1.0526315789473717,1985-08-01,404400.0,lagged historical,1.3881818181818182,lagged historical,7.0,1.0526315789473717
1985-10-31,7.1,1.3722727272727273,405750.0,0,0,0,54.7199,0.5130362266396737,7.1,1985-09-01,1.135442011354426,1985-09-01,408500.0,lagged historical,1.39,lagged historical,7.1,1.135442011354426
1985-11-30,7.0,1.2005263157894737,393400.0,0,0,0,54.9124,0.5279730521382531,7.1,1985-10-01,1.792991035044822,1985-10-01,405750.0,lagged historical,1.3722727272727273,lagged historical,7.1,1.792991035044822
1985-12-31,7.0,1.1123809523809522,385250.0,0,0,0,55.4412,1.4633539281426744,7.0,1985-11-01,1.3776337115072756,1985-11-01,393400.0,lagged historical,1.2005263157894737,lagged historical,7.0,1.3776337115072756
1986-01-31,6.7,1.0514285714285716,366750.0,0,0,0,55.7481,2.042568302210057,6.9,1985-12-01,2.189781021897818,1985-12-01,385250.0,lagged historical,1.1123809523809522,lagged historical,6.9,2.189781021897818
1986-02-28,7.2,0.7368421052631579,369500.0,0,0,0,55.3568,1.048327476840227,6.7,1986-01-01,2.508090614886749,1986-01-01,366750.0,lagged historical,1.0514285714285716,lagged historical,6.7,2.508090614886749
1986-03-31,7.2,0.564,381200.0,0,0,0,54.9625,0.1771611565051234,7.3,1986-02-01,1.616814874696848,1986-02-01,369500.0,lagged historical,0.7368421052631579,lagged historical,7.3,1.616814874696848
1986-04-30,7.1,0.604090909090909,385750.0,0,0,0,55.0413,0.5395837861830843,7.2,1986-03-01,0.8870967741935409,1986-03-01,381200.0,lagged historical,0.564,lagged historical,7.2,0.8870967741935409
1986-05-31,7.2,0.6423809523809524,386000.0,0,0,0,55.1226,0.541901122652777,7.1,1986-04-01,0.8058017727639033,1986-04-01,385750.0,lagged historical,0.604090909090909,lagged historical,7.1,0.8058017727639033
1986-06-30,7.2,0.6147619047619047,370500.0,0,0,0,54.9005,0.1854051814908608,7.3,1986-05-01,0.0805801772763903,1986-05-01,386000.0,lagged historical,0.6423809523809524,lagged historical,7.3,0.0805801772763903
1986-07-31,7.0,0.6368181818181818,362000.0,0,0,0,55.2592,1.319408283155732,7.1,1986-06-01,-0.1609010458567983,1986-06-01,370500.0,lagged historical,0.6147619047619047,lagged historical,7.1,-0.1609010458567983
1986-08-31,6.9,0.8395238095238095,407400.0,0,0,0,55.1567,0.8247799581394988,6.9,1986-07-01,0.0,1986-07-01,362000.0,lagged historical,0.6368181818181818,lagged historical,6.9,0.0
1986-09-30,7.0,1.1014285714285714,395500.0,0,0,0,55.2975,0.7412926803496367,6.8,1986-08-01,0.3215434083601254,1986-08-01,407400.0,lagged historical,0.8395238095238095,lagged historical,6.8,0.3215434083601254
1986-10-31,7.0,1.1472727272727272,383250.0,0,0,0,55.5332,1.4862965758343891,7.0,1986-09-01,0.8045052292839916,1986-09-01,395500.0,lagged historical,1.1014285714285714,lagged historical,7.0,0.8045052292839916
1986-11-30,6.9,0.9738888888888888,363200.0,0,0,0,55.7557,1.5357187083427482,7.0,1986-10-01,1.2944983818770297,1986-10-01,383250.0,lagged historical,1.1472727272727272,lagged historical,7.0,1.2944983818770297
1986-12-31,6.6,0.8409090909090909,358250.0,0,0,0,56.2845,1.5210709724897686,7.0,1986-11-01,0.8814102564102644,1986-11-01,363200.0,lagged historical,0.9738888888888888,lagged historical,7.0,0.8814102564102644
1987-01-31,6.6,0.8584999999999999,345600.0,0,0,0,56.0882,0.6100656345238598,6.7,1986-12-01,0.79617834394905,1986-12-01,358250.0,lagged historical,0.8409090909090909,lagged historical,6.7,0.79617834394905
1987-02-28,6.6,0.8526315789473684,348750.0,0,0,0,56.8275,2.6567648418983847,6.7,1987-01-01,0.5546751188589605,1987-01-01,345600.0,lagged historical,0.8584999999999999,lagged historical,6.7,0.5546751188589605
1987-03-31,6.6,0.8240909090909091,333250.0,0,0,0,56.9098,3.54296110984762,6.7,1987-02-01,1.596169193934549,1987-02-01,348750.0,lagged historical,0.8526315789473684,lagged historical,6.7,1.596169193934549
1987-04-30,6.3,0.9985714285714286,336250.0,0,0,0,57.2701,4.04932296293874,6.6,1987-03-01,2.508090614886749,1987-03-01,333250.0,lagged historical,0.8240909090909091,lagged historical,6.6,2.508090614886749
1987-05-31,6.3,0.8515,331000.0,0,0,0,57.6322,4.552760573702974,6.3,1987-04-01,1.2830793905372897,1987-04-01,336250.0,lagged historical,0.9985714285714286,lagged historical,6.3,1.2830793905372897
1987-06-30,6.2,0.8290909090909092,322250.0,0,0,0,57.9307,5.519439713663821,6.3,1987-05-01,2.898550724637672,1987-05-01,331000.0,lagged historical,0.8515,lagged historical,6.3,2.898550724637672
1987-07-31,6.1,1.0045454545454546,319250.0,0,0,0,58.3258,5.549483162984625,6.1,1987-06-01,3.2206119162640823,1987-06-01,322250.0,lagged historical,0.8290909090909092,lagged historical,6.1,3.2206119162640823
1987-08-31,6.0,1.0076190476190476,325600.0,0,0,0,58.7636,6.539368743960372,6.0,1987-07-01,3.923138510808655,1987-07-01,319250.0,lagged historical,1.0045454545454546,lagged historical,6.0,3.923138510808655
1987-09-30,5.9,1.0780952380952382,309750.0,0,0,0,58.9951,6.686739906867412,6.0,1987-08-01,4.4764188649080605,1987-08-01,325600.0,lagged historical,1.0076190476190476,lagged historical,6.0,4.4764188649080605
1987-10-31,6.0,1.1223809523809525,300000.0,0,0,0,59.781,7.649118005085254,5.9,1987-09-01,5.3815261044176665,1987-09-01,309750.0,lagged historical,1.0780952380952382,lagged historical,5.9,5.3815261044176665
1987-11-30,5.8,1.167894736842105,306750.0,0,0,0,60.0726,7.742526773047431,6.0,1987-10-01,5.107741420590584,1987-10-01,300000.0,lagged historical,1.1223809523809525,lagged historical,6.0,5.107741420590584
1987-12-31,5.7,1.13,318750.0,0,0,0,60.4095,7.328838312501662,5.9,1987-11-01,5.409705648369134,1987-11-01,306750.0,lagged historical,1.167894736842105,lagged historical,5.9,5.409705648369134
1988-01-31,5.7,1.0357894736842106,335600.0,0,0,0,60.3976,7.683256014634088,5.8,1987-12-01,5.126182965299697,1987-12-01,318750.0,lagged historical,1.13,lagged historical,5.8,5.126182965299697
1988-02-29,5.7,1.0315,318750.0,0,0,0,60.7003,6.815010338304517,5.8,1988-01-01,6.022187004754365,1988-01-01,335600.0,lagged historical,1.0357894736842106,lagged historical,5.8,6.022187004754365
1988-03-31,5.7,1.1030434782608696,305500.0,0,0,0,60.8501,6.92376356971911,5.7,1988-02-01,5.743509047993722,1988-02-01,318750.0,lagged historical,1.0315,lagged historical,5.7,5.743509047993722
1988-04-30,5.4,1.129,312200.0,0,0,0,61.2031,6.867457888147577,5.6,1988-03-01,5.651491365777073,1988-03-01,305500.0,lagged historical,1.1030434782608696,lagged historical,5.6,5.651491365777073
1988-05-31,5.6,1.0933333333333333,313750.0,0,0,0,61.0797,5.981899007846314,5.4,1988-04-01,6.4364207221349945,1988-04-01,312200.0,lagged historical,1.129,lagged historical,5.4,6.4364207221349945
1988-06-30,5.4,0.8954545454545454,308250.0,0,0,0,61.2569,5.741687913317128,5.6,1988-05-01,6.08424336973481,1988-05-01,313750.0,lagged historical,1.0933333333333333,lagged historical,5.6,6.08424336973481
1988-07-31,5.4,0.777,321600.0,0,0,0,61.2659,5.040822414780433,5.3,1988-06-01,5.809450038729658,1988-06-01,308250.0,lagged historical,0.8954545454545454,lagged historical,5.3,5.809450038729658
1988-08-31,5.6,0.6317391304347827,314750.0,0,0,0,61.5731,4.781020904097089,5.4,1988-07-01,5.436447166921887,1988-07-01,321600.0,lagged historical,0.777,lagged historical,5.4,5.436447166921887
1988-09-30,5.4,0.5138095238095238,304500.0,0,0,0,61.3807,4.043725665351872,5.6,1988-08-01,5.335365853658547,1988-08-01,314750.0,lagged historical,0.6317391304347827,lagged historical,5.6,5.335365853658547
1988-10-31,5.4,0.4415,291400.0,0,0,0,61.6453,3.118549371874013,5.4,1988-09-01,5.572519083969474,1988-09-01,304500.0,lagged historical,0.5138095238095238,lagged historical,5.4,5.572519083969474
1988-11-30,5.3,0.2965,290500.0,0,0,0,61.7944,2.8661985664013345,5.3,1988-10-01,5.0566037735849,1988-10-01,291400.0,lagged historical,0.4415,lagged historical,5.3,5.0566037735849
1988-12-31,5.3,0.0171428571428571,293200.0,0,0,0,62.0743,2.755857936251749,5.4,1988-11-01,5.030030030030042,1988-11-01,290500.0,lagged historical,0.2965,lagged historical,5.4,5.030030030030042
1989-01-31,5.4,-0.0839999999999999,289750.0,0,0,0,62.2574,3.0792614276063945,5.3,1988-12-01,4.705003734129942,1988-12-01,293200.0,lagged historical,0.0171428571428571,lagged historical,5.3,4.705003734129942
1989-02-28,5.2,-0.2026315789473684,303750.0,0,0,0,61.9819,2.111356945517584,5.4,1989-01-01,4.985119047619047,1989-01-01,289750.0,lagged historical,-0.0839999999999999,lagged historical,5.4,4.985119047619047
1989-03-31,5.0,-0.3218181818181818,322000.0,0,0,0,62.1369,2.1147048238211674,5.1,1989-02-01,4.985119047619047,1989-02-01,303750.0,lagged historical,-0.2026315789473684,lagged historical,5.1,4.985119047619047
1989-04-30,5.2,-0.2759999999999999,311800.0,0,0,0,62.1276,1.510544400528735,5.0,1989-03-01,4.677060133630295,1989-03-01,322000.0,lagged historical,-0.3218181818181818,lagged historical,5.0,4.677060133630295
1989-05-31,5.2,-0.1586363636363636,324500.0,0,0,0,61.7744,1.1373664245240225,5.3,1989-04-01,4.209748892171339,1989-04-01,311800.0,lagged historical,-0.2759999999999999,lagged historical,5.3,4.209748892171339
1989-06-30,5.3,-0.1290909090909091,333000.0,0,0,0,61.7697,0.8371301845179868,5.2,1989-05-01,3.894195444526094,1989-05-01,324500.0,lagged historical,-0.1586363636363636,lagged historical,5.2,3.894195444526094
1989-07-31,5.2,0.199,341600.0,0,0,0,61.1738,-0.150328322933313,5.3,1989-06-01,3.369963369963358,1989-06-01,333000.0,lagged historical,-0.1290909090909091,lagged historical,5.3,3.369963369963358
1989-08-31,5.2,-0.0321739130434782,334500.0,0,0,1,61.7732,0.3249795771205432,5.2,1989-07-01,2.681159420289836,1989-07-01,341600.0,lagged historical,0.199,lagged historical,5.2,2.681159420289836
1989-09-30,5.3,-0.094,336000.0,0,0,1,61.5796,0.3240432253134973,5.2,1989-08-01,2.815884476534292,1989-08-01,334500.0,lagged historical,-0.0321739130434782,lagged historical,5.2,2.815884476534292
1989-10-31,5.3,0.0285714285714285,363250.0,0,0,1,61.4966,-0.2412187141598742,5.3,1989-09-01,2.6695526695526883,1989-09-01,336000.0,lagged historical,-0.094,lagged historical,5.3,2.6695526695526883
1989-11-30,5.4,0.0785714285714285,336750.0,0,0,1,61.7044,-0.1456442654997891,5.3,1989-10-01,1.434720229555242,1989-10-01,363250.0,lagged historical,0.0285714285714285,lagged historical,5.3,1.434720229555242
1989-12-31,5.4,0.059,355200.0,0,0,1,62.0428,-0.0507456386942717,5.4,1989-11-01,1.1436740528949274,1989-11-01,336750.0,lagged historical,0.0785714285714285,lagged historical,5.4,1.1436740528949274
1990-01-31,5.4,0.1214285714285714,361000.0,0,0,1,61.729,-0.848734447631927,5.3,1989-12-01,1.709401709401703,1989-12-01,355200.0,lagged historical,0.059,lagged historical,5.3,1.709401709401703
1990-02-28,5.3,0.1026315789473684,358250.0,0,0,1,62.2896,0.496435249645466,5.3,1990-01-01,0.0710227272727292,1990-01-01,361000.0,lagged historical,0.1214285714285714,lagged historical,5.3,0.0710227272727292
1990-03-31,5.2,-0.0381818181818181,345200.0,0,0,1,62.5999,0.7451289008624462,5.3,1990-02-01,0.92526690391459,1990-02-01,358250.0,lagged historical,0.1026315789473684,lagged historical,5.3,0.92526690391459
1990-04-30,5.4,0.0615,361750.0,0,0,1,62.4359,0.4962367772133325,5.2,1990-03-01,1.021355617455888,1990-03-01,345200.0,lagged historical,-0.0381818181818181,lagged historical,5.2,1.021355617455888
1990-05-31,5.4,0.1159090909090909,355250.0,0,0,1,62.6258,1.3782408246781896,5.4,1990-04-01,0.0920810313075559,1990-04-01,361750.0,lagged historical,0.0615,lagged historical,5.4,0.0920810313075559
1990-06-30,5.2,0.129047619047619,362400.0,0,0,1,62.8382,1.7298125132548805,5.3,1990-05-01,1.2927054478301114,1990-05-01,355250.0,lagged historical,0.1159090909090909,lagged historical,5.3,1.2927054478301114
1990-07-31,5.5,0.3142857142857143,367000.0,0,0,1,62.7284,2.541284013744449,5.2,1990-06-01,1.291512915129145,1990-06-01,362400.0,lagged historical,0.129047619047619,lagged historical,5.2,1.291512915129145
1990-08-31,5.7,0.691304347826087,384250.0,1,1,0,62.9475,1.9009861881851495,5.5,1990-07-01,1.9480519480519651,1990-07-01,367000.0,lagged historical,0.3142857142857143,lagged historical,5.5,1.9480519480519651
1990-09-30,5.9,0.8136842105263158,394000.0,1,0,0,62.9523,2.229147315019908,5.6,1990-08-01,1.4787430683918634,1990-08-01,384250.0,lagged historical,0.691304347826087,lagged historical,5.6,1.4787430683918634
1990-10-31,5.9,0.8418181818181818,425250.0,1,0,0,62.5845,1.7690408900654653,5.7,1990-09-01,2.310536044362288,1990-09-01,394000.0,lagged historical,0.8136842105263158,lagged historical,5.7,2.310536044362288
1990-11-30,6.2,0.7935,446750.0,1,0,0,61.7887,0.1366191065791167,5.7,1990-10-01,1.764159702878354,1990-10-01,425250.0,lagged historical,0.8418181818181818,lagged historical,5.7,1.764159702878354
1990-12-31,6.3,0.761,455000.0,1,0,0,61.3352,-1.1405030076012013,5.9,1990-11-01,-0.5550416281220993,1990-11-01,446750.0,lagged historical,0.7935,lagged historical,5.9,-0.5550416281220993
1991-01-31,6.4,0.9676190476190476,439750.0,1,0,0,61.1355,-0.961460577686335,6.1,1990-12-01,-1.3812154696132617,1990-12-01,455000.0,lagged historical,0.761,lagged historical,6.1,-1.3812154696132617
1991-02-28,6.6,0.9878947368421052,484000.0,1,0,0,60.6838,-2.577958439290029,6.2,1991-01-01,-0.930232558139532,1991-01-01,439750.0,lagged historical,0.9676190476190476,lagged historical,6.2,-0.930232558139532
1991-03-31,6.8,1.007,498600.0,1,0,0,60.3346,-3.61869587651098,6.5,1991-02-01,-2.580645161290318,1991-02-01,484000.0,lagged historical,0.9878947368421052,lagged historical,6.5,-2.580645161290318
1991-04-30,6.7,1.0909090909090908,467250.0,0,0,0,60.4938,-3.1105501802648705,6.8,1991-03-01,-3.3057851239669533,1991-03-01,498600.0,lagged historical,1.007,lagged historical,6.8,-3.3057851239669533
1991-05-31,6.9,1.2840909090909092,447000.0,0,0,0,61.0633,-2.494978108064083,6.6,1991-04-01,-3.400735294117652,1991-04-01,467250.0,lagged historical,1.0909090909090908,lagged historical,6.6,-3.400735294117652
1991-06-30,6.9,1.328,428600.0,0,0,0,61.5581,-2.037136646180182,6.9,1991-05-01,-3.290676416819016,1991-05-01,447000.0,lagged historical,1.2840909090909092,lagged historical,6.9,-3.290676416819016
1991-07-31,6.8,1.355,418250.0,0,0,0,61.7305,-1.5908264836979713,7.0,1991-06-01,-2.906448683015428,1991-06-01,428600.0,lagged historical,1.328,lagged historical,7.0,-2.906448683015428
1991-08-31,6.9,1.466818181818182,431600.0,0,0,0,61.7298,-1.934469200524247,6.8,1991-07-01,-2.5362318840579823,1991-07-01,418250.0,lagged historical,1.355,lagged historical,6.8,-2.5362318840579823
1991-09-30,6.9,1.4685,424500.0,0,0,0,62.2195,-1.1640559598299127,6.8,1991-08-01,-2.0814479638008976,1991-08-01,431600.0,lagged historical,1.466818181818182,lagged historical,6.8,-2.0814479638008976
1991-10-31,7.0,1.615,422750.0,0,0,0,62.1855,-0.6375380485583504,6.7,1991-09-01,-2.26039783001808,1991-09-01,424500.0,lagged historical,1.4685,lagged historical,6.7,-2.26039783001808
1991-11-30,7.0,1.858421052631579,445400.0,0,0,0,62.0871,0.4829362003084814,6.8,1991-10-01,-1.54686078252958,1991-10-01,422750.0,lagged historical,1.615,lagged historical,6.8,-1.54686078252958
1991-12-31,7.3,2.0628571428571427,456750.0,0,0,0,61.7852,0.7336733229858172,6.8,1991-11-01,-0.4616805170821747,1991-11-01,445400.0,lagged historical,1.858421052631579,lagged historical,6.8,-0.4616805170821747
1992-01-31,7.3,2.0742857142857143,439000.0,0,0,0,61.4616,0.5334053046102349,7.1,1991-12-01,0.5597014925373012,1991-12-01,456750.0,lagged historical,2.0628571428571427,lagged historical,7.1,0.5597014925373012
1992-02-29,7.4,2.1257894736842107,442200.0,0,0,0,61.8955,1.996743776757559,7.1,1992-01-01,0.09380863039401,1992-01-01,439000.0,lagged historical,2.0742857142857143,lagged historical,7.1,0.09380863039401
1992-03-31,7.4,1.8572727272727272,429500.0,0,0,0,62.4232,3.4616952793256277,7.3,1992-02-01,1.4191106906338735,1992-02-01,442200.0,lagged historical,2.1257894736842107,lagged historical,7.3,1.4191106906338735
1992-04-30,7.4,2.136190476190476,418250.0,0,0,0,62.897,3.972638518327498,7.3,1992-03-01,2.0952380952381056,1992-03-01,429500.0,lagged historical,1.8572727272727272,lagged historical,7.3,2.0952380952381056
1992-05-31,7.6,2.1665,417400.0,0,0,0,63.104,3.341941886534139,7.2,1992-04-01,2.5592417061611306,1992-04-01,418250.0,lagged historical,2.136190476190476,lagged historical,7.2,2.5592417061611306
1992-06-30,7.8,2.213636363636364,418750.0,0,0,0,63.1363,2.563756841098086,7.5,1992-05-01,2.2556390977443552,1992-05-01,417400.0,lagged historical,2.1665,lagged historical,7.5,2.2556390977443552
1992-07-31,7.7,2.489090909090909,442750.0,0,0,0,63.7176,3.218992232364881,7.8,1992-06-01,0.8387698042870539,1992-06-01,418750.0,lagged historical,2.213636363636364,lagged historical,7.8,0.8387698042870539
1992-08-31,7.6,2.392857142857143,407200.0,0,0,0,63.3613,2.642969846006316,7.7,1992-07-01,0.7400555041628287,1992-07-01,442750.0,lagged historical,2.489090909090909,lagged historical,7.7,0.7400555041628287
1992-09-30,7.6,2.520952380952381,417000.0,0,0,0,63.5703,2.1710235537090616,7.6,1992-08-01,0.5555555555555536,1992-08-01,407200.0,lagged historical,2.392857142857143,lagged historical,7.6,0.5555555555555536
1992-10-31,7.3,2.5061904761904765,377800.0,0,0,0,63.9995,2.917078740220802,7.5,1992-09-01,0.1845018450184365,1992-09-01,417000.0,lagged historical,2.520952380952381,lagged historical,7.5,0.1845018450184365
1992-11-30,7.4,2.293684210526316,362250.0,0,0,0,64.2422,3.4710914183461616,7.4,1992-10-01,0.5535055350553542,1992-10-01,377800.0,lagged historical,2.5061904761904765,lagged historical,7.4,0.5535055350553542
1992-12-31,7.4,2.096363636363636,339000.0,0,0,0,64.3507,4.152288897664813,7.2,1992-11-01,1.4801110083256352,1992-11-01,362250.0,lagged historical,2.293684210526316,lagged historical,7.2,1.4801110083256352
1993-01-31,7.3,2.21,345600.0,0,0,0,64.5978,5.1026982701394274,7.3,1992-12-01,2.886405959031646,1992-12-01,339000.0,lagged historical,2.096363636363636,lagged historical,7.3,2.886405959031646
1993-02-28,7.1,2.1605263157894736,338250.0,0,0,0,64.9089,4.868528406750095,7.1,1993-01-01,4.12757973733584,1993-01-01,345600.0,lagged historical,2.21,lagged historical,7.1,4.12757973733584
1993-03-31,7.0,2.0256521739130435,351000.0,0,0,0,64.8522,3.891181483807293,7.0,1993-02-01,4.29104477611939,1993-02-01,338250.0,lagged historical,2.1605263157894736,lagged historical,7.0,4.29104477611939
1993-04-30,7.1,2.131904761904762,354750.0,0,0,0,65.0301,3.3914177146763924,7.0,1993-03-01,4.089219330855021,1993-03-01,351000.0,lagged historical,2.0256521739130435,lagged historical,7.0,4.089219330855021
1993-05-31,7.1,2.0585,343600.0,0,0,0,64.784,2.6622718052738525,7.0,1993-04-01,3.480714957666975,1993-04-01,354750.0,lagged historical,2.131904761904762,lagged historical,7.0,3.480714957666975
1993-06-30,7.0,1.799090909090909,342750.0,0,0,0,64.9301,2.8411547715022856,6.9,1993-05-01,3.4676663542642983,1993-05-01,343600.0,lagged historical,2.0585,lagged historical,6.9,3.4676663542642983
1993-07-31,6.9,1.7333333333333332,350800.0,0,0,0,65.1052,2.1777342523886745,7.0,1993-06-01,3.867924528301892,1993-06-01,342750.0,lagged historical,1.799090909090909,lagged historical,7.0,3.867924528301892
1993-08-31,6.8,1.6763636363636365,341000.0,0,0,0,65.0267,2.628418293185275,6.8,1993-07-01,3.5580524344569264,1993-07-01,350800.0,lagged historical,1.7333333333333332,lagged historical,6.8,3.5580524344569264
1993-09-30,6.7,1.512857142857143,339000.0,0,0,0,65.3717,2.833713227717971,6.7,1993-08-01,4.221388367729828,1993-08-01,341000.0,lagged historical,1.6763636363636365,lagged historical,6.7,4.221388367729828
1993-10-31,6.8,1.4594999999999998,349800.0,0,0,0,65.8509,2.892835100274227,6.7,1993-09-01,4.519774011299438,1993-09-01,339000.0,lagged historical,1.512857142857143,lagged historical,6.7,4.519774011299438
1993-11-30,6.6,1.5685,341000.0,0,0,0,66.1518,2.972500941748568,6.8,1993-10-01,4.372093023255808,1993-10-01,349800.0,lagged historical,1.4594999999999998,lagged historical,6.8,4.372093023255808
1993-12-31,6.5,1.5618181818181818,323000.0,0,0,0,66.5436,3.407732938414032,6.4,1993-11-01,4.428044280442811,1993-11-01,341000.0,lagged historical,1.5685,lagged historical,6.4,4.428044280442811
1994-01-31,6.6,1.6105,359200.0,0,0,0,66.7351,3.3086266095749384,6.4,1993-12-01,4.683195592286493,1993-12-01,323000.0,lagged historical,1.5618181818181818,lagged historical,6.4,4.683195592286493
1994-02-28,6.6,1.4989473684210526,348500.0,0,0,0,66.774,2.8734118125557373,6.7,1994-01-01,4.761904761904767,1994-01-01,359200.0,lagged historical,1.6105,lagged historical,6.7,4.761904761904767
1994-03-31,6.5,1.4873913043478262,335750.0,0,0,0,67.4552,4.013742016462052,6.5,1994-02-01,4.7315741583257465,1994-02-01,348500.0,lagged historical,1.4989473684210526,lagged historical,6.5,4.7315741583257465
1994-04-30,6.4,1.4226315789473685,344000.0,0,0,0,67.8541,4.342604424720231,6.5,1994-03-01,5.090909090909079,1994-03-01,335750.0,lagged historical,1.4873913043478262,lagged historical,6.5,5.090909090909079
1994-05-31,6.1,1.2152380952380952,359000.0,0,0,0,68.1663,5.220887873549018,6.4,1994-04-01,4.977375565610864,1994-04-01,344000.0,lagged historical,1.4226315789473685,lagged historical,6.4,4.977375565610864
1994-06-30,6.1,1.17,340000.0,0,0,0,68.6265,5.692891278467149,6.0,1994-05-01,5.545454545454542,1994-05-01,359000.0,lagged historical,1.2152380952380952,lagged historical,6.0,5.545454545454542
1994-07-31,6.1,1.168,342200.0,0,0,0,68.7178,5.548865528406344,6.0,1994-06-01,5.797101449275344,1994-06-01,340000.0,lagged historical,1.17,lagged historical,6.0,5.797101449275344
1994-08-31,6.0,1.058695652173913,336250.0,0,0,0,69.1785,6.384761951629092,6.1,1994-07-01,5.68079350766455,1994-07-01,342200.0,lagged historical,1.168,lagged historical,6.1,5.68079350766455
1994-09-30,5.9,1.0647619047619048,330250.0,0,0,0,69.3961,6.156180732641192,6.1,1994-08-01,6.660666066606669,1994-08-01,336250.0,lagged historical,1.058695652173913,lagged historical,6.1,6.660666066606669
1994-10-31,5.8,1.0154999999999998,333400.0,0,0,0,69.9544,6.231501771426062,5.9,1994-09-01,6.648697214734956,1994-09-01,330250.0,lagged historical,1.0647619047619048,lagged historical,5.9,6.648697214734956
1994-11-30,5.6,0.8065,328000.0,0,0,0,70.4326,6.471176899192455,5.8,1994-10-01,6.299911268855363,1994-10-01,333400.0,lagged historical,1.0154999999999998,lagged historical,5.8,6.299911268855363
1994-12-31,5.5,0.2242857142857142,323200.0,0,0,0,71.1523,6.925835091579047,5.6,1994-11-01,5.716798592788042,1994-11-01,328000.0,lagged historical,0.8065,lagged historical,5.6,5.716798592788042
1995-01-31,5.6,0.2725,333500.0,0,0,0,71.2734,6.800469318244806,5.4,1994-12-01,5.841325196163916,1994-12-01,323200.0,lagged historical,0.2242857142857142,lagged historical,5.4,5.841325196163916
1995-02-28,5.4,0.3578947368421052,337750.0,0,0,0,71.193,6.617845269116707,5.7,1995-01-01,6.277244986922415,1995-01-01,333500.0,lagged historical,0.2725,lagged historical,5.7,6.277244986922415
1995-03-31,5.4,0.4291304347826086,340250.0,0,0,0,71.3113,5.7165348260771465,5.4,1995-02-01,6.055363321799301,1995-02-01,337750.0,lagged historical,0.3578947368421052,lagged historical,5.4,6.055363321799301
1995-04-30,5.8,0.4947368421052632,350200.0,0,0,0,71.1882,4.913630863868201,5.5,1995-03-01,4.545454545454564,1995-03-01,340250.0,lagged historical,0.4291304347826086,lagged historical,5.5,4.545454545454564
1995-05-31,5.6,0.4618181818181818,370250.0,0,0,0,71.5378,4.945992374531105,5.8,1995-04-01,3.7703513281919454,1995-04-01,350200.0,lagged historical,0.4947368421052632,lagged historical,5.8,3.7703513281919454
1995-06-30,5.6,0.4522727272727272,366250.0,0,0,0,71.7749,4.587732144288292,5.7,1995-05-01,2.9812606473594627,1995-05-01,370250.0,lagged historical,0.4618181818181818,lagged historical,5.7,2.9812606473594627
1995-07-31,5.7,0.4979999999999999,371400.0,0,0,0,71.4748,4.012060921624383,5.6,1995-06-01,2.542372881355925,1995-06-01,366250.0,lagged historical,0.4522727272727272,lagged historical,5.6,2.542372881355925
1995-08-31,5.7,0.5073913043478261,356250.0,0,0,0,72.4223,4.689029105863818,5.7,1995-07-01,2.622673434856182,1995-07-01,371400.0,lagged historical,0.4979999999999999,lagged historical,5.7,2.622673434856182
1995-09-30,5.6,0.3915,362000.0,0,0,0,72.7144,4.7816808149161005,5.6,1995-08-01,3.2745591939546737,1995-08-01,356250.0,lagged historical,0.5073913043478261,lagged historical,5.6,3.2745591939546737
1995-10-31,5.5,0.3476190476190476,371500.0,0,0,0,72.5866,3.762736868588679,5.6,1995-09-01,3.0252100840336027,1995-09-01,362000.0,lagged historical,0.3915,lagged historical,5.6,3.0252100840336027
1995-11-30,5.6,0.4514285714285714,377000.0,0,0,0,72.7779,3.3298500978240275,5.5,1995-10-01,2.1684737281067568,1995-10-01,371500.0,lagged historical,0.3476190476190476,lagged historical,5.5,2.1684737281067568
1995-12-31,5.6,0.387,365000.0,0,0,0,73.0305,2.6396897921781903,5.6,1995-11-01,1.9087136929460515,1995-11-01,377000.0,lagged historical,0.4514285714285714,lagged historical,5.6,1.9087136929460515
1996-01-31,5.6,0.54,374000.0,0,0,0,72.6125,1.878821551939436,5.6,1995-12-01,1.0699588477366184,1995-12-01,365000.0,lagged historical,0.387,lagged historical,5.6,1.0699588477366184
1996-02-29,5.5,0.78,377250.0,0,0,0,73.6752,3.4865787366735512,5.8,1996-01-01,0.0821018062397538,1996-01-01,374000.0,lagged historical,0.54,lagged historical,5.8,0.0821018062397538
1996-03-31,5.5,0.6076190476190476,386400.0,0,0,0,73.585,3.188414739319012,5.5,1996-02-01,1.6433853738701654,1996-02-01,377250.0,lagged historical,0.78,lagged historical,5.5,1.6433853738701654
1996-04-30,5.6,0.5540909090909091,359250.0,0,0,0,74.3172,4.395391371041835,5.6,1996-03-01,1.312551271534046,1996-03-01,386400.0,lagged historical,0.6076190476190476,lagged historical,5.6,1.312551271534046
1996-05-31,5.6,0.6418181818181817,344500.0,0,0,0,74.8726,4.661591494286932,5.4,1996-04-01,2.5535420098846684,1996-04-01,359250.0,lagged historical,0.5540909090909091,lagged historical,5.4,2.5535420098846684
1996-06-30,5.3,0.615,342200.0,0,0,0,75.4433,5.110978907668273,5.6,1996-05-01,3.2976092333058427,1996-05-01,344500.0,lagged historical,0.6418181818181817,lagged historical,5.6,3.2976092333058427
1996-07-31,5.5,0.5954545454545455,337000.0,0,0,0,75.4549,5.568536043472649,5.3,1996-06-01,3.542009884678743,1996-06-01,342200.0,lagged historical,0.615,lagged historical,5.3,3.542009884678743
1996-08-31,5.1,0.6063636363636363,331800.0,0,0,0,75.8411,4.720645436557502,5.4,1996-07-01,3.868312757201653,1996-07-01,337000.0,lagged historical,0.5954545454545455,lagged historical,5.4,3.868312757201653
1996-09-30,5.2,0.598,342750.0,0,0,0,76.3158,4.952801645891314,5.1,1996-08-01,3.4229828850855792,1996-08-01,331800.0,lagged historical,0.6063636363636363,lagged historical,5.1,3.4229828850855792
1996-10-31,5.2,0.620909090909091,339000.0,0,0,0,76.3384,5.168722601692299,5.2,1996-09-01,3.5016286644951045,1996-09-01,342750.0,lagged historical,0.598,lagged historical,5.2,3.5016286644951045
1996-11-30,5.4,0.5021052631578947,336400.0,0,0,0,77.0397,5.855898562613082,5.2,1996-10-01,3.6006546644844484,1996-10-01,339000.0,lagged historical,0.620909090909091,lagged historical,5.2,3.6006546644844484
1996-12-31,5.4,0.5204761904761904,353500.0,0,0,0,77.5333,6.165643121709419,5.4,1996-11-01,4.404567699836881,1996-11-01,336400.0,lagged historical,0.5021052631578947,lagged historical,5.4,4.404567699836881
1997-01-31,5.3,0.570952380952381,339000.0,0,0,0,77.6562,6.946049233947327,5.3,1996-12-01,4.316061992410547,1996-12-01,353500.0,lagged historical,0.5204761904761904,lagged historical,5.3,4.316061992410547
1997-02-28,5.2,0.5210526315789474,320750.0,0,0,0,78.5833,6.661807501031536,5.4,1997-01-01,4.741858830021073,1997-01-01,339000.0,lagged historical,0.570952380952381,lagged historical,5.4,4.741858830021073
1997-03-31,5.2,0.4725,319400.0,0,0,0,79.082,7.470272474009643,5.3,1997-02-01,3.82134256736566,1997-02-01,320750.0,lagged historical,0.5210526315789474,lagged historical,5.3,3.82134256736566
1997-04-30,5.1,0.4372727272727272,327000.0,0,0,0,79.1747,6.536171976339267,5.2,1997-03-01,5.606626575180362,1997-03-01,319400.0,lagged historical,0.4725,lagged historical,5.2,5.606626575180362
1997-05-31,4.9,0.4342857142857143,323800.0,0,0,0,79.6133,6.331688761977006,4.9,1997-04-01,4.121311819677298,1997-04-01,327000.0,lagged historical,0.4372727272727272,lagged historical,4.9,4.121311819677298
1997-06-30,5.0,0.3990476190476191,325500.0,0,0,0,79.9792,6.012329789391524,4.8,1997-05-01,4.316878953145964,1997-05-01,323800.0,lagged historical,0.4342857142857143,lagged historical,4.8,4.316878953145964
1997-07-31,4.9,0.3295454545454545,320250.0,0,0,0,80.6624,6.901473595485519,5.0,1997-06-01,3.82796667417249,1997-06-01,325500.0,lagged historical,0.3990476190476191,lagged historical,5.0,3.82796667417249
1997-08-31,4.8,0.3595238095238095,330200.0,0,0,0,81.4694,7.421174007233544,4.8,1997-07-01,3.7369583098835424,1997-07-01,320250.0,lagged historical,0.3295454545454545,lagged historical,4.8,3.7369583098835424
1997-09-30,4.9,0.3266666666666666,315250.0,0,0,0,82.2156,7.7307713474798145,4.9,1997-08-01,4.71911470202333,1997-08-01,330200.0,lagged historical,0.3595238095238095,lagged historical,4.9,4.71911470202333
1997-10-31,4.7,0.2577272727272727,310000.0,0,0,0,82.9446,8.653836077256006,4.9,1997-09-01,5.526048043594489,1997-09-01,315250.0,lagged historical,0.3266666666666666,lagged historical,4.9,5.526048043594489
1997-11-30,4.6,0.1622222222222222,314600.0,0,0,0,83.5978,8.512624010737335,4.7,1997-10-01,5.560478701895377,1997-10-01,310000.0,lagged historical,0.2577272727272727,lagged historical,4.7,5.560478701895377
1997-12-31,4.7,0.0936363636363636,313250.0,0,0,0,83.9538,8.280957988374027,4.6,1997-11-01,5.58932554918854,1997-11-01,314600.0,lagged historical,0.1622222222222222,lagged historical,4.6,5.58932554918854
1998-01-31,4.6,0.1875,321200.0,0,0,0,84.3218,8.58347433946034,4.7,1997-12-01,5.94660294518905,1997-12-01,313250.0,lagged historical,0.0936363636363636,lagged historical,4.7,5.94660294518905
1998-02-28,4.6,0.1568421052631579,319000.0,0,0,0,84.4583,7.476143150007708,4.7,1998-01-01,5.472099465734459,1998-01-01,321200.0,lagged historical,0.1875,lagged historical,4.7,5.472099465734459
1998-03-31,4.7,0.0859090909090909,315000.0,0,0,0,84.488,6.835942439493192,4.6,1998-02-01,4.947404640188768,1998-02-01,319000.0,lagged historical,0.1568421052631579,lagged historical,4.6,4.947404640188768
1998-04-30,4.3,0.0733333333333333,311000.0,0,0,0,84.7779,7.077008185695677,4.7,1998-03-01,4.266420615997646,1998-03-01,315000.0,lagged historical,0.0859090909090909,lagged historical,4.7,4.266420615997646
1998-05-31,4.4,0.059,311200.0,0,0,0,85.3367,7.188999827918208,4.3,1998-04-01,3.8473101330104953,1998-04-01,311000.0,lagged historical,0.0733333333333333,lagged historical,4.3,3.8473101330104953
1998-06-30,4.5,-0.0236363636363636,338000.0,0,0,0,84.8248,6.058575229559682,4.3,1998-05-01,4.417107269129716,1998-05-01,311200.0,lagged historical,0.059,lagged historical,4.3,4.417107269129716
1998-07-31,4.5,0.0031818181818181,333000.0,0,0,0,84.4986,4.755871384932742,4.5,1998-06-01,3.663412817897793,1998-06-01,338000.0,lagged historical,-0.0236363636363636,lagged historical,4.5,3.663412817897793
1998-08-31,4.5,0.0733333333333333,312600.0,0,0,0,86.248,5.865515150473688,4.5,1998-07-01,1.815670497161248,1998-07-01,333000.0,lagged historical,0.0031818181818181,lagged historical,4.5,1.815670497161248
1998-09-30,4.6,0.1404761904761904,304000.0,0,0,0,86.2021,4.848836473856544,4.5,1998-08-01,3.073950465483932,1998-08-01,312600.0,lagged historical,0.0733333333333333,lagged historical,4.5,3.073950465483932
1998-10-31,4.5,0.438095238095238,310600.0,0,0,0,86.7914,4.637794383238925,4.6,1998-09-01,2.44694828204004,1998-09-01,304000.0,lagged historical,0.1404761904761904,lagged historical,4.6,2.44694828204004
1998-11-30,4.4,0.2873684210526315,316000.0,0,0,0,86.7256,3.741486019967022,4.6,1998-10-01,2.123035515406513,1998-10-01,310600.0,lagged historical,0.438095238095238,lagged historical,4.6,2.123035515406513
1998-12-31,4.4,0.1386363636363636,316000.0,0,0,0,87.1185,3.7695732652959,4.4,1998-11-01,1.4719127937859566,1998-11-01,316000.0,lagged historical,0.2873684210526315,lagged historical,4.4,1.4719127937859566
1999-01-31,4.3,0.1068421052631579,326200.0,0,0,0,87.4949,3.763083805136991,4.3,1998-12-01,1.87914828313831,1998-12-01,316000.0,lagged historical,0.1386363636363636,lagged historical,4.3,1.87914828313831
1999-02-28,4.4,0.1226315789473684,301500.0,0,0,0,88.027,4.225398806274816,4.3,1999-01-01,1.7164350963383646,1999-01-01,326200.0,lagged historical,0.1068421052631579,lagged historical,4.3,1.7164350963383646
1999-03-31,4.2,0.1795652173913043,302750.0,0,0,0,88.2267,4.425125461604007,4.4,1999-02-01,1.877064925086436,1999-02-01,301500.0,lagged historical,0.1226315789473684,lagged historical,4.4,1.877064925086436
1999-04-30,4.3,0.2077272727272727,308500.0,0,0,0,88.4295,4.307254602909483,4.2,1999-03-01,1.5847387591441997,1999-03-01,302750.0,lagged historical,0.1795652173913043,lagged historical,4.2,1.5847387591441997
1999-05-31,4.2,0.285,301600.0,0,0,0,88.9886,4.27940147673862,4.3,1999-04-01,2.0063808240248004,1999-04-01,308500.0,lagged historical,0.2077272727272727,lagged historical,4.3,2.0063808240248004
1999-06-30,4.3,0.2809090909090909,294000.0,0,0,0,88.9188,4.826418688874012,4.2,1999-05-01,1.7177178999097542,1999-05-01,301600.0,lagged historical,0.285,lagged historical,4.2,1.7177178999097542
1999-07-31,4.3,0.2371428571428571,298000.0,0,0,0,89.4333,5.839978413843561,4.3,1999-06-01,2.7112260988043646,1999-06-01,294000.0,lagged historical,0.2809090909090909,lagged historical,4.3,2.7112260988043646
1999-08-31,4.2,0.2609090909090909,290750.0,0,0,0,89.7924,4.109544569149426,4.3,1999-07-01,3.5783536047946374,1999-07-01,298000.0,lagged historical,0.2371428571428571,lagged historical,4.3,3.5783536047946374
1999-09-30,4.2,0.2533333333333333,289500.0,0,0,0,89.4299,3.7444563415508494,4.2,1999-08-01,2.4651159276859014,1999-08-01,290750.0,lagged historical,0.2609090909090909,lagged historical,4.2,2.4651159276859014
1999-10-31,4.1,0.2495,290400.0,0,0,0,90.523,4.29950432876991,4.2,1999-09-01,2.413923858637945,1999-09-01,289500.0,lagged historical,0.2533333333333333,lagged historical,4.2,2.413923858637945
1999-11-30,4.1,0.172,281750.0,0,0,0,90.9618,4.884601547870515,4.1,1999-10-01,3.2764637456378587,1999-10-01,290400.0,lagged historical,0.2495,lagged historical,4.1,3.2764637456378587
1999-12-31,4.0,0.1709090909090909,278500.0,0,0,0,91.6634,5.216917187508963,4.1,1999-11-01,4.309410436771644,1999-11-01,281750.0,lagged historical,0.172,lagged historical,4.1,4.309410436771644
2000-01-31,4.0,0.221,288400.0,0,0,0,91.538,4.620955049951481,4.1,1999-12-01,5.000710009641196,1999-12-01,278500.0,lagged historical,0.1709090909090909,lagged historical,4.1,5.000710009641196
2000-02-29,4.1,-0.091,293750.0,0,0,0,91.8239,4.313335681097841,4.0,2000-01-01,5.544863187419824,2000-01-01,288400.0,lagged historical,0.221,lagged historical,4.0,5.544863187419824
2000-03-31,4.0,-0.2717391304347826,274750.0,0,0,0,92.1504,4.447293166354416,4.1,2000-02-01,5.624902422886202,2000-02-01,293750.0,lagged historical,-0.091,lagged historical,4.1,5.624902422886202
2000-04-30,3.8,-0.4131578947368421,271600.0,0,0,1,92.6989,4.828026846244748,4.1,2000-03-01,5.083353681546754,2000-03-01,274750.0,lagged historical,-0.2717391304347826,lagged historical,4.1,5.083353681546754
2000-05-31,4.0,-0.3690909090909091,282250.0,0,0,1,92.9499,4.451469064576807,3.9,2000-04-01,6.061031061769207,2000-04-01,271600.0,lagged historical,-0.4131578947368421,lagged historical,3.9,6.061031061769207
2000-06-30,4.0,-0.3845454545454546,291000.0,0,0,1,92.9862,4.574285752844154,4.1,2000-05-01,5.831956832947904,2000-05-01,282250.0,lagged historical,-0.3690909090909091,lagged historical,4.1,5.831956832947904
2000-07-31,4.0,-0.285,295000.0,0,0,1,92.8048,3.7698485910729,4.0,2000-06-01,5.827765132941543,2000-06-01,291000.0,lagged historical,-0.3845454545454546,lagged historical,4.0,5.827765132941543
2000-08-31,4.1,-0.4026086956521739,312750.0,0,0,1,92.5521,3.073422695016492,4.0,2000-07-01,5.791952709244841,2000-07-01,295000.0,lagged historical,-0.285,lagged historical,4.0,5.791952709244841
2000-09-30,3.9,-0.2825,300200.0,0,0,1,92.9792,3.968806853188922,4.1,2000-08-01,5.7682813498286745,2000-08-01,312750.0,lagged historical,-0.4026086956521739,lagged historical,4.1,5.7682813498286745
2000-10-31,3.9,-0.1738095238095238,301000.0,0,0,1,92.6179,2.3142184859096693,3.9,2000-09-01,5.719086800324491,2000-09-01,300200.0,lagged historical,-0.2825,lagged historical,3.9,5.719086800324491
2000-11-30,3.9,-0.1580952380952381,334250.0,0,0,1,92.6438,1.8491278756576968,3.9,2000-10-01,5.220918191232293,2000-10-01,301000.0,lagged historical,-0.1738095238095238,lagged historical,3.9,5.220918191232293
2000-12-31,3.9,-0.1115,346000.0,0,0,1,92.3415,0.7397718173229428,4.0,2000-11-01,4.738544816357604,2000-11-01,334250.0,lagged historical,-0.1580952380952381,lagged historical,4.0,4.738544816357604
2001-01-31,4.2,0.4009523809523809,340000.0,0,0,1,91.902,0.3976490637767949,4.0,2000-12-01,3.149683491120969,2000-12-01,346000.0,lagged historical,-0.1115,lagged historical,4.0,3.149683491120969
2001-02-28,4.2,0.4421052631578948,371250.0,0,0,1,91.3034,-0.5668458865284554,4.2,2001-01-01,2.3877020805327165,2001-01-01,340000.0,lagged historical,0.4009523809523809,lagged historical,4.2,2.3877020805327165
2001-03-31,4.3,0.5431818181818181,387200.0,0,0,1,91.1162,-1.122295725249156,4.2,2001-02-01,1.1851051001102064,2001-02-01,371250.0,lagged historical,0.4421052631578948,lagged historical,4.2,1.1851051001102064
2001-04-30,4.4,0.907,396750.0,1,1,0,90.7891,-2.0602186217959284,4.3,2001-03-01,0.8482862139719272,2001-03-01,387200.0,lagged historical,0.5431818181818181,lagged historical,4.3,0.8482862139719272
2001-05-31,4.3,1.1313636363636363,394500.0,1,0,0,90.3555,-2.791181055600911,4.5,2001-04-01,-0.9571602422982606,2001-04-01,396750.0,lagged historical,0.907,lagged historical,4.5,-0.9571602422982606
2001-06-30,4.5,1.2042857142857142,397200.0,1,0,0,89.8784,-3.342216371891737,4.4,2001-05-01,-2.790230119270798,2001-05-01,394500.0,lagged historical,1.1313636363636363,lagged historical,4.4,-2.790230119270798
2001-07-31,4.6,1.1976190476190476,398000.0,1,0,0,89.3028,-3.773511714911293,4.5,2001-06-01,-3.6478336128089928,2001-06-01,397200.0,lagged historical,1.2042857142857142,lagged historical,4.5,-3.6478336128089928
2001-08-31,4.9,1.2139130434782608,398000.0,1,0,0,89.2003,-3.6215277665228585,4.5,2001-07-01,-3.21555608252313,2001-07-01,398000.0,lagged historical,1.1976190476190476,lagged historical,4.5,-3.21555608252313
2001-09-30,5.0,1.6129411764705883,435000.0,1,0,0,88.7485,-4.55015745457048,4.9,2001-08-01,-4.810628994281874,2001-08-01,398000.0,lagged historical,1.2139130434782608,lagged historical,4.9,-4.810628994281874
2001-10-31,5.3,1.8409090909090908,480750.0,1,0,0,88.5052,-4.440502321905382,4.9,2001-09-01,-5.821860337108065,2001-09-01,435000.0,lagged historical,1.6129411764705883,lagged historical,4.9,-5.821860337108065
2001-11-30,5.5,1.869,447500.0,1,0,0,87.97,-5.044913960783126,5.4,2001-10-01,-6.409555193961691,2001-10-01,480750.0,lagged historical,1.8409090909090908,lagged historical,5.4,-6.409555193961691
2001-12-31,5.7,1.9805,416800.0,0,0,0,87.9324,-4.774776238202749,5.7,2001-11-01,-5.933232274039868,2001-11-01,447500.0,lagged historical,1.869,lagged historical,5.7,-5.933232274039868
2002-01-31,5.7,2.0076190476190474,408500.0,0,0,0,88.5176,-3.682618441383212,5.8,2001-12-01,-5.786336858786645,2001-12-01,416800.0,lagged historical,1.9805,lagged historical,5.8,-5.786336858786645
2002-02-28,5.7,1.896315789473684,399000.0,0,0,0,88.5278,-3.0399744149724905,5.6,2002-01-01,-5.152361499020386,2002-01-01,408500.0,lagged historical,2.0076190476190474,lagged historical,5.6,-5.152361499020386
2002-03-31,5.7,1.7265,415400.0,0,0,0,89.1686,-2.137490369440353,5.5,2002-02-01,-4.093819899797224,2002-02-01,399000.0,lagged historical,1.896315789473684,lagged historical,5.5,-4.093819899797224
2002-04-30,5.9,1.7881818181818183,429250.0,0,0,0,89.604,-1.3053329089064758,5.7,2002-03-01,-2.8566830851897485,2002-03-01,415400.0,lagged historical,1.7265,lagged historical,5.7,-2.8566830851897485
2002-05-31,5.8,1.9004545454545456,409000.0,0,0,0,89.964,-0.4332885103839889,6.0,2002-04-01,-2.011168463526447,2002-04-01,429250.0,lagged historical,1.7881818181818183,lagged historical,6.0,-2.011168463526447
2002-06-30,5.8,1.9335,387200.0,0,0,0,90.7061,0.920910919642548,5.8,2002-05-01,-1.59680779688548,2002-05-01,409000.0,lagged historical,1.9004545454545456,lagged historical,5.8,-1.59680779688548
2002-07-31,5.8,2.096363636363636,386000.0,0,0,0,90.6769,1.5386975548359103,5.9,2002-06-01,0.173880820375416,2002-06-01,387200.0,lagged historical,1.9335,lagged historical,5.9,0.173880820375416
2002-08-31,5.7,2.1236363636363635,393600.0,0,0,0,90.5762,1.5424836015125454,5.9,2002-07-01,0.2029885614165172,2002-07-01,386000.0,lagged historical,2.096363636363636,lagged historical,5.9,0.2029885614165172
2002-09-30,5.7,1.8655,409500.0,0,0,0,90.6531,2.146064440525741,5.7,2002-08-01,0.4201380453577652,2002-08-01,393600.0,lagged historical,2.1236363636363635,lagged historical,5.7,0.4201380453577652
2002-10-31,5.7,2.0290909090909093,407500.0,0,0,0,90.4643,2.2135422551443185,5.6,2002-09-01,1.4675612627382373,2002-09-01,409500.0,lagged historical,1.8655,lagged historical,5.6,1.4675612627382373
2002-11-30,5.9,2.125263157894737,392200.0,0,0,0,90.9711,3.411503921791525,5.7,2002-10-01,1.178906079755948,2002-10-01,407500.0,lagged historical,2.0290909090909093,lagged historical,5.7,1.178906079755948
2002-12-31,6.0,2.1961904761904765,414250.0,0,0,0,90.4652,2.880394484854265,6.0,2002-11-01,1.7924571638568754,2002-11-01,392200.0,lagged historical,2.125263157894737,lagged historical,6.0,1.7924571638568754
2003-01-31,5.8,2.305238095238095,395000.0,0,0,0,91.2361,3.071140654513904,6.0,2002-12-01,2.100122776408475,2002-12-01,414250.0,lagged historical,2.1961904761904765,lagged historical,6.0,2.100122776408475
2003-02-28,5.9,2.274736842105263,411000.0,0,0,0,91.3445,3.181712411242565,5.7,2003-01-01,1.984086925399442,2003-01-01,395000.0,lagged historical,2.305238095238095,lagged historical,5.7,1.984086925399442
2003-03-31,5.9,2.2333333333333334,427400.0,0,0,0,91.1044,2.1709435832793167,5.8,2003-02-01,1.7500480782439043,2003-02-01,411000.0,lagged historical,2.274736842105263,lagged historical,5.8,1.7500480782439043
2003-04-30,6.0,2.336190476190476,436250.0,0,0,0,90.5617,1.068813892236964,5.8,2003-03-01,0.4551217154166842,2003-03-01,427400.0,lagged historical,2.2333333333333334,lagged historical,5.8,0.4551217154166842
2003-05-31,6.1,2.153809523809524,424000.0,0,0,0,90.537,0.636921435240767,6.0,2003-04-01,-0.4150281983053672,2003-04-01,436250.0,lagged historical,2.336190476190476,lagged historical,6.0,-0.4150281983053672
2003-06-30,6.3,2.107142857142857,421750.0,0,0,0,90.6527,-0.0588714540698087,6.1,2003-05-01,-0.7822756616295612,2003-05-01,424000.0,lagged historical,2.153809523809524,lagged historical,6.1,-0.7822756616295612
2003-07-31,6.2,2.5013636363636365,411500.0,0,0,0,91.1185,0.4870038565500056,6.4,2003-06-01,-1.0287137468642291,2003-06-01,421750.0,lagged historical,2.107142857142857,lagged historical,6.4,-1.0287137468642291
2003-08-31,6.1,2.580952380952381,400200.0,0,0,0,90.9197,0.3792386962579552,6.2,2003-07-01,-1.3802127678643417,2003-07-01,411500.0,lagged historical,2.5013636363636365,lagged historical,6.2,-1.3802127678643417
2003-09-30,6.1,2.568095238095238,395500.0,0,0,0,91.5059,0.9407289987876988,6.1,2003-08-01,-0.9810880014375024,2003-08-01,400200.0,lagged historical,2.580952380952381,lagged historical,6.1,-0.9810880014375024
2003-10-31,6.0,2.5427272727272725,382000.0,0,0,0,91.6186,1.2759729528664998,6.1,2003-09-01,-0.5753222703655081,2003-09-01,395500.0,lagged historical,2.568095238095238,lagged historical,6.1,-0.5753222703655081
2003-11-30,5.8,2.373333333333333,363000.0,0,0,0,92.2329,1.387033904173962,6.0,2003-10-01,0.6484675451000177,2003-10-01,382000.0,lagged historical,2.5427272727272725,lagged historical,6.0,0.6484675451000177
2003-12-31,5.7,2.3604545454545454,358250.0,0,0,0,92.2602,1.9841883950955763,5.9,2003-11-01,1.6103494188347778,2003-11-01,363000.0,lagged historical,2.373333333333333,lagged historical,5.9,1.6103494188347778
2004-01-31,5.7,2.3895,360200.0,0,0,0,92.4006,1.2763588097255418,5.7,2003-12-01,2.3279571836690494,2003-12-01,358250.0,lagged historical,2.3604545454545454,lagged historical,5.7,2.3279571836690494
2004-02-29,5.6,2.344210526315789,360750.0,0,0,0,92.958,1.7663898756903773,5.6,2004-01-01,2.366773415854051,2004-01-01,360200.0,lagged historical,2.3895,lagged historical,5.6,2.366773415854051
2004-03-31,5.8,2.248695652173913,342000.0,0,0,0,92.5861,1.626375894029275,5.6,2004-02-01,2.696695673994687,2004-02-01,360750.0,lagged historical,2.344210526315789,lagged historical,5.6,2.696695673994687
2004-04-30,5.6,2.276666666666667,348250.0,0,0,0,92.93,2.615123170170186,5.7,2004-03-01,3.3871681216202765,2004-03-01,342000.0,lagged historical,2.248695652173913,lagged historical,5.7,3.3871681216202765
2004-05-31,5.6,2.182,336200.0,0,0,0,93.6013,3.38458309862264,5.6,2004-04-01,4.840409104946697,2004-04-01,348250.0,lagged historical,2.276666666666667,lagged historical,5.6,4.840409104946697
2004-06-30,5.6,1.9704761904761905,349000.0,0,0,0,92.871,2.447031362551799,5.6,2004-05-01,6.297094138285209,2004-05-01,336200.0,lagged historical,2.182,lagged historical,5.6,6.297094138285209
2004-07-31,5.5,1.8595238095238087,343000.0,0,0,0,93.5649,2.6848554355043186,5.6,2004-06-01,5.640717909552118,2004-06-01,349000.0,lagged historical,1.9704761904761905,lagged historical,5.6,5.640717909552118
2004-08-31,5.4,1.7731818181818182,340750.0,0,0,0,93.6277,2.9784524146032165,5.5,2004-07-01,4.857934295175448,2004-07-01,343000.0,lagged historical,1.8595238095238087,lagged historical,5.5,4.857934295175448
2004-09-30,5.4,1.6004761904761904,337250.0,0,0,0,93.7467,2.448803847620762,5.4,2004-08-01,5.198589173439672,2004-08-01,340750.0,lagged historical,1.7731818181818182,lagged historical,5.4,5.198589173439672
2004-10-31,5.5,1.5125,334000.0,0,0,0,94.5465,3.1957484615569243,5.4,2004-09-01,4.640691708822153,2004-09-01,337250.0,lagged historical,1.6004761904761904,lagged historical,5.4,4.640691708822153
2004-11-30,5.4,1.342,328750.0,0,0,0,94.7813,2.763005391785356,5.5,2004-10-01,5.203263670197544,2004-10-01,334000.0,lagged historical,1.5125,lagged historical,5.5,5.203263670197544
2004-12-31,5.4,1.219090909090909,325250.0,0,0,0,95.5365,3.551152067738861,5.4,2004-11-01,3.8160078823330954,2004-11-01,328750.0,lagged historical,1.342,lagged historical,5.4,3.8160078823330954
2005-01-31,5.3,0.999,343400.0,0,0,0,95.8801,3.7656681883018175,5.4,2004-12-01,4.359033412465019,2004-12-01,325250.0,lagged historical,1.219090909090909,lagged historical,5.4,4.359033412465019
2005-02-28,5.4,0.7805263157894737,311750.0,0,0,0,96.5761,3.892187869790664,5.2,2005-01-01,3.924997571164868,2005-01-01,343400.0,lagged historical,0.999,lagged historical,5.2,3.924997571164868
2005-03-31,5.2,0.770909090909091,332000.0,0,0,0,96.4456,4.168552298887196,5.4,2005-02-01,3.466869417789664,2005-02-01,311750.0,lagged historical,0.7805263157894737,lagged historical,5.4,3.466869417789664
2005-04-30,5.2,0.6871428571428572,323200.0,0,0,0,96.6532,4.006456472613795,5.2,2005-03-01,3.870826395583205,2005-03-01,332000.0,lagged historical,0.770909090909091,lagged historical,5.2,3.870826395583205
2005-05-31,5.1,0.5004761904761905,327000.0,0,0,0,96.7402,3.3534790649275337,5.2,2005-04-01,3.0862153116720137,2005-04-01,323200.0,lagged historical,0.6871428571428572,lagged historical,5.2,3.0862153116720137
2005-06-30,5.0,0.3577272727272727,325750.0,0,0,0,97.1753,4.634708358906448,5.1,2005-05-01,2.689251648865265,2005-05-01,327000.0,lagged historical,0.5004761904761905,lagged historical,5.1,2.689251648865265
2005-07-31,5.0,0.3065,324400.0,0,0,0,96.8676,3.529849334526092,5.0,2005-06-01,3.94110493398192,2005-06-01,325750.0,lagged historical,0.3577272727272727,lagged historical,5.0,3.94110493398192
2005-08-31,4.9,0.2182608695652174,315750.0,0,0,0,97.1833,3.797594088074363,5.0,2005-07-01,3.0311394807211123,2005-07-01,324400.0,lagged historical,0.3065,lagged historical,5.0,3.0311394807211123
2005-09-30,5.0,0.2528571428571429,382750.0,0,0,0,95.3005,1.6574450087309731,4.9,2005-08-01,3.138681098969287,2005-08-01,315750.0,lagged historical,0.2182608695652174,lagged historical,4.9,3.138681098969287
2005-10-31,5.0,0.1925,352200.0,0,0,0,96.4572,2.0209103457029087,5.1,2005-09-01,1.9893876281176004,2005-09-01,382750.0,lagged historical,0.2528571428571429,lagged historical,5.1,1.9893876281176004
2005-11-30,5.0,0.1185,317250.0,0,0,0,97.5414,2.9120723180627417,5.0,2005-10-01,1.9409769142813893,2005-10-01,352200.0,lagged historical,0.1925,lagged historical,5.0,1.9409769142813893
2005-12-31,4.9,0.0628571428571428,316400.0,0,0,0,98.0452,2.62590737571502,5.0,2005-11-01,2.7585231291554546,2005-11-01,317250.0,lagged historical,0.1185,lagged historical,5.0,2.7585231291554546
2006-01-31,4.7,0.0204999999999999,295750.0,0,0,0,98.1999,2.4194801632455576,4.9,2005-12-01,2.828288506037868,2005-12-01,316400.0,lagged historical,0.0628571428571428,lagged historical,4.9,2.828288506037868
2006-02-28,4.8,-0.0994736842105263,290750.0,0,0,0,98.2413,1.7242361205308532,4.7,2006-01-01,3.1052474099562577,2006-01-01,295750.0,lagged historical,0.0204999999999999,lagged historical,4.7,3.1052474099562577
2006-03-31,4.7,-0.0099999999999999,301750.0,0,0,0,98.4628,2.091541760329152,4.8,2006-02-01,3.275863674891255,2006-02-01,290750.0,lagged historical,-0.0994736842105263,lagged historical,4.8,3.275863674891255
2006-04-30,4.7,0.101578947368421,303600.0,0,0,0,98.7618,2.181614266263288,4.7,2006-03-01,3.631763604087168,2006-03-01,301750.0,lagged historical,-0.0099999999999999,lagged historical,4.7,3.631763604087168
2006-05-31,4.6,0.1418181818181818,332750.0,0,0,0,98.7869,2.1156664964513183,4.7,2006-04-01,4.7382160363786285,2006-04-01,303600.0,lagged historical,0.101578947368421,lagged historical,4.7,4.7382160363786285
2006-06-30,4.6,-0.0154545454545454,305500.0,0,0,0,99.0997,1.980338625144462,4.6,2006-05-01,4.3425852409439525,2006-05-01,332750.0,lagged historical,0.1418181818181818,lagged historical,4.6,4.3425852409439525
2006-07-31,4.7,-0.031,318800.0,0,0,0,99.0489,2.251836527383766,4.6,2006-06-01,4.54269680663919,2006-06-01,305500.0,lagged historical,-0.0154545454545454,lagged historical,4.6,4.54269680663919
2006-08-31,4.7,-0.0269565217391304,314250.0,0,0,0,99.4836,2.3669704568583194,4.8,2006-07-01,4.855157126694243,2006-07-01,318800.0,lagged historical,-0.031,lagged historical,4.8,4.855157126694243
2006-09-30,4.5,-0.05,316200.0,0,0,0,99.3183,4.215927513496776,4.7,2006-08-01,4.714661450563051,2006-08-01,314250.0,lagged historical,-0.0269565217391304,lagged historical,4.7,4.714661450563051
2006-10-31,4.4,-0.0666666666666666,315500.0,0,0,0,99.2044,2.8481025781383007,4.6,2006-09-01,5.574074004949603,2006-09-01,316200.0,lagged historical,-0.05,lagged historical,4.6,5.574074004949603
2006-11-30,4.5,-0.1452380952380952,326250.0,0,0,0,99.1627,1.6621660136106442,4.4,2006-10-01,4.871776891606872,2006-10-01,315500.0,lagged historical,-0.0666666666666666,lagged historical,4.4,4.871776891606872
2006-12-31,4.4,-0.109,324000.0,0,0,0,100.1735,2.1707334984272686,4.5,2006-11-01,3.768923839025296,2006-11-01,326250.0,lagged historical,-0.1452380952380952,lagged historical,4.5,3.768923839025296
2007-01-31,4.6,-0.1166666666666666,317250.0,0,0,1,99.8346,1.6646656462990128,4.5,2006-12-01,3.0168685913644966,2006-12-01,324000.0,lagged historical,-0.109,lagged historical,4.5,3.0168685913644966
2007-02-28,4.5,-0.1263157894736842,322750.0,0,0,1,100.7753,2.5793632616832207,4.6,2007-01-01,2.584684363489065,2007-01-01,317250.0,lagged historical,-0.1166666666666666,lagged historical,4.6,2.584684363489065
2007-03-31,4.4,-0.009090909090909,309400.0,0,0,1,100.9547,2.530803511580016,4.5,2007-02-01,3.434711142721847,2007-02-01,322750.0,lagged historical,-0.1263157894736842,lagged historical,4.5,3.434711142721847
2007-04-30,4.5,0.0276190476190476,320250.0,0,0,1,101.6334,2.9076019270608766,4.4,2007-03-01,2.2980237305121776,2007-03-01,309400.0,lagged historical,-0.009090909090909,lagged historical,4.4,2.2980237305121776
2007-05-31,4.4,-0.02,304250.0,0,0,1,101.7306,2.9798485426711263,4.5,2007-04-01,1.8839183265837,2007-04-01,320250.0,lagged historical,0.0276190476190476,lagged historical,4.5,1.8839183265837
2007-06-30,4.6,0.1223809523809523,315200.0,0,0,1,101.7893,2.7140344521729087,4.5,2007-05-01,1.636353141296576,2007-05-01,304250.0,lagged historical,-0.02,lagged historical,4.5,1.636353141296576
2007-07-31,4.7,0.1852380952380952,313250.0,0,0,1,101.6672,2.6434417747193573,4.5,2007-06-01,1.3508028829047891,2007-06-01,315200.0,lagged historical,0.1223809523809523,lagged historical,4.5,1.3508028829047891
2007-08-31,4.6,0.3617391304347826,320000.0,0,0,1,101.863,2.3917510021752357,4.6,2007-07-01,1.3834437304274694,2007-07-01,313250.0,lagged historical,0.1852380952380952,lagged historical,4.6,1.3834437304274694
2007-09-30,4.7,0.51,313400.0,0,0,1,102.0894,2.7901202497425004,4.6,2007-08-01,1.6926648228594132,2007-08-01,320000.0,lagged historical,0.3617391304347826,lagged historical,4.6,1.6926648228594132
2007-10-31,4.7,0.56,328250.0,0,0,1,101.8015,2.6179282370540014,4.7,2007-09-01,1.949082960166959,2007-09-01,313400.0,lagged historical,0.51,lagged historical,4.7,1.949082960166959
2007-11-30,4.7,0.8119999999999999,336000.0,0,0,1,102.3446,3.2087670061424323,4.7,2007-10-01,1.7824202629656891,2007-10-01,328250.0,lagged historical,0.56,lagged historical,4.7,1.7824202629656891
2007-12-31,5.0,0.9805,348200.0,0,0,1,102.3803,2.2029778334589523,4.7,2007-11-01,2.127516495694848,2007-11-01,336000.0,lagged historical,0.8119999999999999,lagged historical,4.7,2.127516495694848
2008-01-31,5.0,1.268571428571429,338750.0,1,1,0,102.2448,2.4141930753466267,5.0,2007-12-01,1.5484342352055425,2007-12-01,348200.0,lagged historical,0.9805,lagged historical,5.0,1.5484342352055425
2008-02-29,4.9,1.7645,346750.0,1,0,0,101.8438,1.0602796518591306,4.9,2008-01-01,2.283881030813184,2008-01-01,338750.0,lagged historical,1.268571428571429,lagged historical,4.9,2.283881030813184
2008-03-31,5.1,1.893,363400.0,1,0,0,101.5336,0.5734255066876637,4.8,2008-02-01,1.2627795809012188,2008-02-01,346750.0,lagged historical,1.7645,lagged historical,4.8,1.2627795809012188
2008-04-30,5.0,1.627727272727273,359500.0,1,0,0,100.8785,-0.7427676334748168,5.1,2008-03-01,1.5619961667916682,2008-03-01,363400.0,lagged historical,1.893,lagged historical,5.1,1.5619961667916682
2008-05-31,5.4,1.4342857142857142,366800.0,1,0,0,100.2674,-1.4383086308347726,5.0,2008-04-01,0.2052220309500363,2008-04-01,359500.0,lagged historical,1.627727272727273,lagged historical,5.0,0.2052220309500363
2008-06-30,5.6,1.3257142857142856,383250.0,1,0,0,100.0335,-1.724935725071297,5.5,2008-05-01,-0.0572233947260691,2008-05-01,366800.0,lagged historical,1.4342857142857142,lagged historical,5.5,-0.0572233947260691
2008-07-31,5.8,1.4345454545454546,398000.0,1,0,0,99.676,-1.958547102703712,5.5,2008-06-01,0.3322703675000094,2008-06-01,383250.0,lagged historical,1.3257142857142856,lagged historical,5.5,0.3322703675000094
2008-08-31,6.1,1.4652380952380952,433000.0,1,0,0,98.1111,-3.6832804845724265,5.7,2008-07-01,-0.1433005007035581,2008-07-01,398000.0,lagged historical,1.4345454545454546,lagged historical,5.7,-0.1433005007035581
2008-09-30,6.1,1.61,464000.0,1,0,0,93.7895,-8.130031129578574,6.1,2008-08-01,-1.4894901546111838,2008-08-01,433000.0,lagged historical,1.4652380952380952,lagged historical,6.1,-1.4894901546111838
2008-10-31,6.5,2.2018181818181817,475250.0,1,0,0,94.7219,-6.954317961916079,6.1,2008-09-01,-4.45912071819119,2008-09-01,464000.0,lagged historical,1.61,lagged historical,6.1,-4.45912071819119
2008-11-30,6.8,2.3138888888888887,519800.0,1,0,0,93.4715,-8.669827230747885,6.5,2008-10-01,-4.060586874989946,2008-10-01,475250.0,lagged historical,2.2018181818181817,lagged historical,6.5,-4.060586874989946
2008-12-31,7.3,1.5954545454545457,564000.0,1,0,0,90.8357,-11.276192783181926,6.7,2008-11-01,-5.502323319934243,2008-11-01,519800.0,lagged historical,2.3138888888888887,lagged historical,6.7,-5.502323319934243
2009-01-31,7.8,1.7105,572000.0,1,0,0,88.57,-13.374567704176645,7.2,2008-12-01,-7.820314898274239,2008-12-01,564000.0,lagged historical,1.5954545454545457,lagged historical,7.2,-7.820314898274239
2009-02-28,8.3,1.894736842105263,644000.0,1,0,0,88.031,-13.56273037730328,7.6,2009-01-01,-9.97899980812008,2009-01-01,572000.0,lagged historical,1.7105,lagged historical,7.6,-9.97899980812008
2009-03-31,8.7,1.8881818181818184,659250.0,1,0,0,86.6528,-14.656035046526473,8.1,2009-02-01,-11.833439690834368,2009-02-01,644000.0,lagged historical,1.894736842105263,lagged historical,8.1,-11.833439690834368
2009-04-30,9.0,2.0,627750.0,1,0,0,85.9344,-14.81395936696125,8.5,2009-03-01,-12.784651968884765,2009-03-01,659250.0,lagged historical,1.8881818181818184,lagged historical,8.5,-12.784651968884765
2009-05-31,9.4,2.3635,612000.0,1,0,0,85.0665,-15.160361194166793,8.9,2009-04-01,-12.54842289993261,2009-04-01,638250.0,ALFRED vintage,2.0,lagged historical,8.9,-12.54842289993261
2009-06-30,9.5,2.5377272727272726,598250.0,1,0,0,84.7459,-15.282480369076357,9.4,2009-05-01,-13.40940713033737,2009-05-01,626800.0,ALFRED vintage,2.3635,lagged historical,9.4,-13.40940713033737
2009-07-31,9.5,2.5431818181818184,566500.0,0,0,0,85.7027,-14.018720654921957,9.5,2009-06-01,-13.628865344673669,2009-06-01,616000.0,ALFRED vintage,2.5377272727272726,lagged historical,9.5,-13.628865344673669
2009-08-31,9.6,2.4719047619047623,559200.0,0,0,0,86.6426,-11.689299172061052,9.4,2009-07-01,-13.05093498586649,2009-07-01,560250.0,ALFRED vintage,2.5431818181818184,lagged historical,9.4,-13.05093498586649
2009-09-30,9.8,2.4457142857142857,547500.0,0,0,0,87.4063,-6.805879122929537,9.7,2009-08-01,-10.73206482406075,2009-08-01,569000.0,ALFRED vintage,2.4719047619047623,lagged historical,9.7,-10.73206482406075
2009-10-31,10.0,2.4385714285714286,525400.0,0,0,0,87.6419,-7.474512230012276,9.8,2009-09-01,-6.080408864453002,2009-09-01,548750.0,ALFRED vintage,2.4457142857142857,lagged historical,9.8,-6.080408864453002
2009-11-30,9.9,2.599473684210526,494000.0,0,0,0,88.0221,-5.83001235670767,10.2,2009-10-01,-7.098074086354322,2009-10-01,524200.0,ALFRED vintage,2.4385714285714286,lagged historical,10.2,-7.098074086354322
2009-12-31,9.9,2.7154545454545453,485500.0,0,0,0,88.3793,-2.704223119324234,10.0,2009-11-01,-5.079099318733071,2009-11-01,480750.0,ALFRED vintage,2.599473684210526,lagged historical,10.0,-5.079099318733071
2010-01-31,9.8,2.804210526315789,479800.0,0,0,0,89.3426,0.87230439200634,10.0,2009-12-01,-2.013090411761831,2009-12-01,460250.0,ALFRED vintage,2.7154545454545453,lagged historical,10.0,-2.013090411761831
2010-02-28,9.8,2.8342105263157897,485750.0,0,0,0,89.6779,1.8708182344855608,9.7,2010-01-01,0.9351208705154156,2010-01-01,462200.0,ALFRED vintage,2.804210526315789,lagged historical,9.7,0.9351208705154156
2010-03-31,9.9,2.768695652173913,470250.0,0,0,0,90.2928,4.200672107537207,9.7,2010-02-01,1.6574441034148624,2010-02-01,467500.0,ALFRED vintage,2.8342105263157897,lagged historical,9.7,1.6574441034148624
2010-04-30,9.9,2.786363636363636,469000.0,0,0,0,90.5991,5.428210355806296,9.7,2010-03-01,3.95033790765289,2010-03-01,448000.0,ALFRED vintage,2.768695652173913,lagged historical,9.7,3.95033790765289
2010-05-31,9.6,2.5895,459400.0,0,0,0,91.823,7.942609605426321,9.9,2010-04-01,5.175328895946296,2010-04-01,463250.0,ALFRED vintage,2.786363636363636,lagged historical,9.9,5.175328895946296
2010-06-30,9.4,2.4795454545454545,460500.0,0,0,0,91.9928,8.551328146848402,9.7,2010-05-01,8.000466758073465,2010-05-01,457600.0,ALFRED vintage,2.5895,lagged historical,9.7,8.000466758073465
2010-07-31,9.4,2.394761904761905,459200.0,0,0,0,92.3421,7.747013804699288,9.5,2010-06-01,8.218918552269038,2010-06-01,467250.0,ALFRED vintage,2.4795454545454545,lagged historical,9.5,8.218918552269038
2010-08-31,9.5,2.178181818181818,475000.0,0,0,0,92.6805,6.968742858593813,9.5,2010-07-01,7.7417591037448386,2010-07-01,459000.0,ALFRED vintage,2.394761904761905,lagged historical,9.5,7.7417591037448386
2010-09-30,9.5,2.167619047619048,453500.0,0,0,0,92.9537,6.346682104150392,9.6,2010-08-01,6.213072704254596,2010-08-01,487000.0,ALFRED vintage,2.178181818181818,lagged historical,9.6,6.213072704254596
2010-10-31,9.4,2.164,446800.0,0,0,0,92.6903,5.760258506490601,9.6,2010-09-01,5.4227137438388695,2010-09-01,458750.0,ALFRED vintage,2.167619047619048,lagged historical,9.6,5.4227137438388695
2010-11-30,9.8,2.309,426250.0,0,0,0,92.7709,5.39500875348351,9.6,2010-10-01,5.348113047893044,2010-10-01,455000.0,ALFRED vintage,2.164,lagged historical,9.6,5.348113047893044
2010-12-31,9.3,2.6727272727272724,420250.0,0,0,0,93.6787,5.996200467756596,9.8,2010-11-01,5.377033137347098,2010-11-01,431500.0,ALFRED vintage,2.309,lagged historical,9.8,5.377033137347098
2011-01-31,9.1,2.7795,426800.0,0,0,0,93.4814,4.632504538708293,9.4,2010-12-01,5.908040588058006,2010-12-01,414250.0,ALFRED vintage,2.6727272727272724,lagged historical,9.4,5.908040588058006
2011-02-28,9.0,2.803684210526316,401500.0,0,0,0,93.1102,3.827364378514675,9.0,2011-01-01,5.152105248034444,2011-01-01,427400.0,ALFRED vintage,2.7795,lagged historical,9.0,5.152105248034444
2011-03-31,9.0,2.7169565217391307,406000.0,0,0,0,94.0788,4.193025357503588,8.9,2011-02-01,5.813595046915765,2011-02-01,392500.0,ALFRED vintage,2.803684210526316,lagged historical,8.9,5.813595046915765
2011-04-30,9.1,2.7205000000000004,420600.0,0,0,0,93.7749,3.505332834432129,8.8,2011-03-01,5.881674142875748,2011-03-01,395250.0,ALFRED vintage,2.7169565217391307,lagged historical,8.8,5.881674142875748
2011-05-31,9.0,2.6133333333333333,422500.0,0,0,0,93.888,2.248891889831528,9.0,2011-04-01,4.951124568936849,2011-04-01,422800.0,ALFRED vintage,2.7205000000000004,lagged historical,9.0,4.951124568936849
2011-06-30,9.1,2.591818181818182,418250.0,0,0,0,94.172,2.3688810428642126,9.1,2011-05-01,3.4248213342231715,2011-05-01,426750.0,ALFRED vintage,2.6133333333333333,lagged historical,9.1,3.4248213342231715
2011-07-31,9.0,2.5965,412600.0,0,0,0,94.636,2.484132372991299,9.2,2011-06-01,3.4145582630532134,2011-06-01,427750.0,ALFRED vintage,2.591818181818182,lagged historical,9.2,3.4145582630532134
2011-08-31,9.0,2.072608695652174,409500.0,0,0,0,95.2749,2.7992943499441703,9.1,2011-07-01,3.70143151536646,2011-07-01,412000.0,ALFRED vintage,2.5965,lagged historical,9.1,3.70143151536646
2011-09-30,9.0,1.7638095238095235,417750.0,0,0,0,95.1961,2.412383799676609,9.1,2011-08-01,3.354332024029061,2011-08-01,411000.0,ALFRED vintage,2.072608695652174,lagged historical,9.1,3.354332024029061
2011-10-31,8.8,1.8715,402400.0,0,0,0,95.8568,3.4162150732061747,9.1,2011-09-01,3.224805929679864,2011-09-01,418000.0,ALFRED vintage,1.7638095238095235,lagged historical,9.1,3.224805929679864
2011-11-30,8.6,1.7600000000000002,389250.0,0,0,0,95.8485,3.317419578768788,9.0,2011-10-01,3.92271103869386,2011-10-01,405200.0,ALFRED vintage,1.8715,lagged historical,9.0,3.92271103869386
2011-12-31,8.5,1.720952380952381,377000.0,0,0,0,96.3571,2.859134467066693,8.6,2011-11-01,3.744260365257946,2011-11-01,396250.0,ALFRED vintage,1.7600000000000002,lagged historical,8.6,3.744260365257946
2012-01-31,8.3,1.7260000000000002,377750.0,0,0,0,96.9318,3.691001632410296,8.5,2011-12-01,2.945942617372088,2011-12-01,376200.0,ALFRED vintage,1.720952380952381,lagged historical,8.5,2.945942617372088
2012-02-29,8.3,1.6895,363250.0,0,0,0,97.2435,4.439148449901298,8.3,2012-01-01,3.352016112954481,2012-01-01,377250.0,ALFRED vintage,1.7260000000000002,lagged historical,8.3,3.352016112954481
2012-03-31,8.2,1.828181818181818,366600.0,0,0,0,96.74,2.8286925428470555,8.3,2012-02-01,4.242646851684517,2012-02-01,366750.0,ALFRED vintage,1.6895,lagged historical,8.3,4.242646851684517
2012-04-30,8.2,1.7609523809523808,381750.0,0,0,0,97.4359,3.9040297563633697,8.2,2012-03-01,3.7766162086182,2012-03-01,365200.0,ALFRED vintage,1.828181818181818,lagged historical,8.2,3.7766162086182
2012-05-31,8.2,1.518181818181818,373500.0,0,0,0,97.6609,4.0185114178595605,8.1,2012-04-01,5.16024492298659,2012-04-01,384250.0,ALFRED vintage,1.7609523809523808,lagged historical,8.1,5.16024492298659
2012-06-30,8.2,1.3304761904761906,379200.0,0,0,0,97.6663,3.7105509068513065,8.2,2012-05-01,4.673016856731249,2012-05-01,376000.0,ALFRED vintage,1.518181818181818,lagged historical,8.2,4.673016856731249
2012-07-31,8.2,1.2785714285714287,372500.0,0,0,0,97.8713,3.418677881567289,8.2,2012-06-01,4.683868680194059,2012-06-01,385000.0,ALFRED vintage,1.3304761904761906,lagged historical,8.2,4.683868680194059
2012-08-31,8.1,1.4095652173913045,373250.0,0,0,0,97.4525,2.285596731143258,8.3,2012-07-01,4.374830326677714,2012-07-01,366250.0,ALFRED vintage,1.2785714285714287,lagged historical,8.3,4.374830326677714
2012-09-30,7.8,1.4678947368421054,381800.0,0,0,0,97.381,2.2951570495009843,8.1,2012-08-01,2.798443480615176,2012-08-01,371000.0,ALFRED vintage,1.4095652173913045,lagged historical,8.1,2.798443480615176
2012-10-31,7.8,1.469047619047619,368500.0,0,0,0,97.7193,1.9430024786973863,7.8,2012-09-01,2.81076499258317,2012-09-01,373800.0,ALFRED vintage,1.4678947368421054,lagged historical,7.8,2.81076499258317
2012-11-30,7.7,1.386,401250.0,0,0,0,98.0777,2.3257536633332743,7.9,2012-10-01,1.736906578862829,2012-10-01,367250.0,ALFRED vintage,1.469047619047619,lagged historical,7.9,1.736906578862829
2012-12-31,7.9,1.462,359000.0,0,0,0,98.3101,2.0268355938483085,7.7,2012-11-01,2.509732269292919,2012-11-01,405750.0,ALFRED vintage,1.386,lagged historical,7.7,2.509732269292919
2013-01-31,8.0,1.6495238095238096,353000.0,0,0,0,98.3342,1.446790423782485,7.8,2012-12-01,2.2451766226456504,2012-12-01,361400.0,ALFRED vintage,1.462,lagged historical,7.8,2.2451766226456504
2013-02-28,7.7,1.7168421052631575,353000.0,0,0,0,98.7941,1.594553877637073,7.9,2013-01-01,2.100266583844501,2013-01-01,352750.0,ALFRED vintage,1.6495238095238096,lagged historical,7.9,2.100266583844501
2013-03-31,7.5,1.7015,351800.0,0,0,0,99.1921,2.534732272069462,7.7,2013-02-01,2.459365741430397,2013-02-01,355750.0,ALFRED vintage,1.7168421052631575,lagged historical,7.7,2.459365741430397
2013-04-30,7.6,1.526818181818182,347250.0,0,0,0,99.1065,1.7145631127746477,7.6,2013-03-01,3.471213125121553,2013-03-01,352000.0,ALFRED vintage,1.7015,lagged historical,7.6,3.471213125121553
2013-05-31,7.5,1.6777272727272723,347750.0,0,0,0,99.1839,1.5594777439077443,7.5,2013-04-01,1.9479192047674232,2013-04-01,343000.0,ALFRED vintage,1.526818181818182,lagged historical,7.5,1.9479192047674232
2013-06-30,7.5,1.9665,344600.0,0,0,0,99.3897,1.7645800035426706,7.6,2013-05-01,1.6134214585980855,2013-05-01,348000.0,ALFRED vintage,1.6777272727272723,lagged historical,7.6,1.6134214585980855
2013-07-31,7.3,2.2413636363636367,346000.0,0,0,0,99.0814,1.2364196654177428,7.6,2013-06-01,1.979467159191284,2013-06-01,345800.0,ALFRED vintage,1.9665,lagged historical,7.6,1.979467159191284
2013-08-31,7.2,2.380909090909091,333400.0,0,0,0,99.6543,2.2593571227008,7.4,2013-07-01,1.423884063794434,2013-07-01,341750.0,ALFRED vintage,2.2413636363636367,lagged historical,7.4,1.423884063794434
2013-09-30,7.2,2.4055,314000.0,0,0,0,100.161,2.854766330187619,7.3,2013-08-01,2.658366482409469,2013-08-01,330000.0,ALFRED vintage,2.380909090909091,lagged historical,7.3,2.658366482409469
2013-10-31,7.2,2.2804545454545457,358500.0,0,0,0,100.082,2.4178437626957816,7.2,2013-09-01,3.1860174163451216,2013-09-01,305000.0,ALFRED vintage,2.4055,lagged historical,7.2,3.1860174163451216
2013-11-30,6.9,2.414736842105264,328200.0,0,0,0,100.3158,2.281966236973343,7.3,2013-10-01,3.2392305317278103,2013-10-01,357750.0,ALFRED vintage,2.2804545454545457,lagged historical,7.3,3.2392305317278103
2013-12-31,6.7,2.5619047619047617,346000.0,0,0,0,100.5175,2.245344069429267,7.0,2013-11-01,3.2317213627718555,2013-11-01,327400.0,ALFRED vintage,2.414736842105264,lagged historical,7.0,3.2317213627718555
2014-01-31,6.6,2.4642857142857144,326750.0,0,0,0,100.1599,1.856627704298197,6.7,2013-12-01,3.6807872016562326,2013-12-01,358750.0,ALFRED vintage,2.5619047619047617,ALFRED vintage,6.7,3.6807872016562326
2014-02-28,6.7,2.382631578947368,335250.0,0,0,0,100.9168,2.148610089064018,6.6,2014-01-01,2.909056089836626,2014-01-01,333000.0,ALFRED vintage,2.4642857142857144,ALFRED vintage,6.6,2.909056089836626
2014-03-31,6.7,2.3242857142857143,321000.0,0,0,0,101.8942,2.724108069090181,6.7,2014-02-01,2.834881508914666,2014-02-01,338500.0,ALFRED vintage,2.3826315789473687,ALFRED vintage,6.7,2.834881508914666
2014-04-30,6.2,2.288095238095238,322750.0,0,0,0,101.9928,2.9123215934373725,6.7,2014-03-01,3.768695722097126,2014-03-01,321800.0,ALFRED vintage,2.3242857142857143,ALFRED vintage,6.7,3.768695722097126
2014-05-31,6.3,2.17,313800.0,0,0,0,102.3836,3.226027611336124,6.3,2014-04-01,3.456105655756847,2014-04-01,320250.0,ALFRED vintage,2.2880952380952384,ALFRED vintage,6.3,3.456105655756847
2014-06-30,6.1,2.146190476190476,313500.0,0,0,0,102.735,3.365841732090935,6.3,2014-05-01,4.267211983560015,2014-05-01,312600.0,ALFRED vintage,2.1700000000000004,ALFRED vintage,6.3,4.267211983560015
2014-07-31,6.2,2.0359090909090907,301750.0,0,0,0,102.9632,3.9177888079901857,6.1,2014-06-01,4.323836467442965,2014-06-01,315250.0,ALFRED vintage,2.1461904761904766,ALFRED vintage,6.1,4.323836467442965
2014-08-31,6.1,1.947619047619048,302000.0,0,0,0,102.7688,3.1253041765382905,6.2,2014-07-01,4.972687926374042,2014-07-01,297500.0,ALFRED vintage,2.0359090909090907,ALFRED vintage,6.2,4.972687926374042
2014-09-30,5.9,1.967619047619048,295000.0,0,0,0,103.0641,2.89843352202952,6.1,2014-08-01,4.116553515195709,2014-08-01,300600.0,ALFRED vintage,1.947619047619048,ALFRED vintage,6.1,4.116553515195709
2014-10-31,5.7,1.858636363636364,288750.0,0,0,0,103.0764,2.9919466037849007,5.9,2014-09-01,4.324066177047348,2014-09-01,295000.0,ALFRED vintage,1.967619047619048,ALFRED vintage,5.9,4.324066177047348
2014-11-30,5.8,1.7983333333333331,291600.0,0,0,0,103.7126,3.38610667511996,5.8,2014-10-01,4.004999057717296,2014-10-01,281250.0,ALFRED vintage,1.858636363636364,ALFRED vintage,5.8,4.004999057717296
2014-12-31,5.6,1.5718181818181818,284500.0,0,0,0,103.7044,3.170492700276073,5.8,2014-11-01,5.214993834771886,2014-11-01,294800.0,ALFRED vintage,1.7983333333333336,ALFRED vintage,5.8,5.214993834771886
2015-01-31,5.7,1.33,287600.0,0,0,0,102.8905,2.7262407410550527,5.6,2014-12-01,4.878236107336553,2014-12-01,290750.0,ALFRED vintage,1.5718181818181818,ALFRED vintage,5.6,4.878236107336553
2015-02-28,5.5,1.356315789473684,301250.0,0,0,0,102.2335,1.30473816054415,5.7,2015-01-01,4.818762147590316,2015-01-01,295200.0,ALFRED vintage,1.33,ALFRED vintage,5.7,4.818762147590316
2015-03-31,5.4,1.4022727272727271,284000.0,0,0,0,101.8914,-0.002747948362114,5.5,2015-02-01,3.4678412270296333,2015-02-01,306000.0,ALFRED vintage,1.3563157894736844,ALFRED vintage,5.5,3.4678412270296333
2015-04-30,5.4,1.395,286000.0,0,0,0,101.3355,-0.6444572558062966,5.5,2015-03-01,2.046633606806192,2015-03-01,285250.0,ALFRED vintage,1.4022727272727271,ALFRED vintage,5.5,2.046633606806192
2015-05-31,5.6,1.5885,274000.0,0,0,0,100.8883,-1.460487812501221,5.4,2015-04-01,1.9286063854014657,2015-04-01,283750.0,ALFRED vintage,1.3949999999999998,ALFRED vintage,5.4,1.9286063854014657
2015-06-30,5.3,1.675,273750.0,0,0,0,100.571,-2.106390227283794,5.5,2015-05-01,1.3675218621213237,2015-05-01,273000.0,ALFRED vintage,1.5885000000000002,ALFRED vintage,5.5,1.3675218621213237
2015-07-31,5.2,1.656818181818182,277750.0,0,0,0,101.2228,-1.6903126553953207,5.3,2015-06-01,1.317302962654665,2015-06-01,275000.0,ALFRED vintage,1.6749999999999998,ALFRED vintage,5.3,1.317302962654665
2015-08-31,5.1,1.4695238095238097,275200.0,0,0,0,101.0367,-1.6854337113987985,5.3,2015-07-01,1.3166440894303744,2015-07-01,274750.0,ALFRED vintage,1.656818181818182,ALFRED vintage,5.3,1.3166440894303744
2015-09-30,5.0,1.4595238095238094,269500.0,0,0,0,100.7547,-2.2407414414912674,5.1,2015-08-01,0.909872231509956,2015-08-01,274000.0,ALFRED vintage,1.4695238095238097,ALFRED vintage,5.1,0.909872231509956
2015-10-31,5.0,1.4252380952380952,267000.0,0,0,0,100.2675,-2.72506606749946,5.1,2015-09-01,0.3881789616564379,2015-09-01,270500.0,ALFRED vintage,1.4595238095238094,ALFRED vintage,5.1,0.3881789616564379
2015-11-30,5.1,1.378421052631579,268500.0,0,0,0,99.5298,-4.033068306068888,5.0,2015-10-01,0.3425481275439512,2015-10-01,262600.0,ALFRED vintage,1.4252380952380952,ALFRED vintage,5.0,0.3425481275439512
2015-12-31,5.0,1.26,271000.0,0,0,0,99.0417,-4.496144811599123,5.0,2015-11-01,-1.174123095076418,2015-11-01,269250.0,ALFRED vintage,1.378421052631579,ALFRED vintage,5.0,-1.174123095076418
2016-01-31,4.8,1.1857894736842105,279600.0,0,0,0,99.5607,-3.236256019749162,5.0,2015-12-01,-1.7501491972999883,2015-12-01,277000.0,ALFRED vintage,1.2600000000000002,ALFRED vintage,5.0,-1.7501491972999883
2016-02-29,4.9,1.046,266750.0,0,0,0,99.0445,-3.11932976959608,4.9,2016-01-01,-0.6994404290694312,2016-01-01,283200.0,ALFRED vintage,1.1857894736842105,ALFRED vintage,4.9,-0.6994404290694312
2016-03-31,5.0,1.014090909090909,263250.0,0,0,0,98.3096,-3.515311400177057,4.9,2016-02-01,-1.032513998927742,2016-02-01,261250.0,ALFRED vintage,1.046,ALFRED vintage,4.9,-1.032513998927742
2016-04-30,5.1,1.0371428571428571,266000.0,0,0,0,98.6421,-2.6579036961380758,5.0,2016-03-01,-2.027294697436388,2016-03-01,263250.0,ALFRED vintage,1.0140909090909092,ALFRED vintage,5.0,-2.027294697436388
2016-05-31,4.8,0.99,274500.0,0,0,0,98.4184,-2.448153056399993,5.0,2016-04-01,-1.0697879422303047,2016-04-01,259600.0,ALFRED vintage,1.037142857142857,ALFRED vintage,5.0,-1.0697879422303047
2016-06-30,4.9,0.9127272727272728,265250.0,0,0,0,98.8833,-1.678117946525337,4.7,2016-05-01,-1.40270161931485,2016-05-01,277000.0,ALFRED vintage,0.99,ALFRED vintage,4.7,-1.40270161931485
2016-07-31,4.8,0.8314999999999999,259400.0,0,0,0,98.9992,-2.196738284260069,4.9,2016-06-01,-0.6920662712819547,2016-06-01,267250.0,ALFRED vintage,0.9127272727272728,ALFRED vintage,4.9,-0.6920662712819547
2016-08-31,4.9,0.8191304347826087,263500.0,0,0,0,98.85,-2.164263084601936,4.9,2016-07-01,-0.5322563059667829,2016-07-01,258600.0,ALFRED vintage,0.8314999999999999,ALFRED vintage,4.9,-0.5322563059667829
2016-09-30,5.0,0.8595238095238096,251500.0,0,0,0,98.7457,-1.9939516469206888,4.9,2016-08-01,-1.114528269540238,2016-08-01,263000.0,ALFRED vintage,0.8191304347826088,ALFRED vintage,4.9,-1.114528269540238
2016-10-31,4.9,0.9215,255800.0,0,0,0,98.7611,-1.5023811304759715,5.0,2016-09-01,-1.0267104243584455,2016-09-01,256000.0,ALFRED vintage,0.8595238095238094,ALFRED vintage,5.0,-1.0267104243584455
2016-11-30,4.7,1.1625,245750.0,0,0,0,98.3491,-1.1862778785850958,4.9,2016-10-01,-0.8521854725293432,2016-10-01,255800.0,ALFRED vintage,0.9215,ALFRED vintage,4.9,-0.8521854725293432
2016-12-31,4.7,1.2952380952380953,252200.0,0,0,0,99.0214,-0.0204964171657051,4.6,2016-11-01,-0.601222543261315,2016-11-01,251500.0,ALFRED vintage,1.1625,ALFRED vintage,4.6,-0.601222543261315
2017-01-31,4.7,1.226,244000.0,0,0,0,98.7611,-0.8031281419274894,4.7,2016-12-01,0.5055495111740083,2016-12-01,258200.0,ALFRED vintage,1.2952380952380953,ALFRED vintage,4.7,0.5055495111740083
2017-02-28,4.6,1.2178947368421054,230250.0,0,0,0,98.3646,-0.6864591168616152,4.8,2017-01-01,0.0050693690548442,2017-01-01,248500.0,ALFRED vintage,1.2260000000000002,ALFRED vintage,4.8,0.0050693690548442
2017-03-31,4.4,1.168695652173913,233750.0,0,0,0,99.0137,0.7162067590550603,4.7,2017-02-01,0.44999201111664,2017-02-01,239750.0,ALFRED vintage,1.2178947368421054,ALFRED vintage,4.7,0.44999201111664
2017-04-30,4.4,1.0563157894736843,227800.0,0,0,0,100.0224,1.3993011097695571,4.5,2017-03-01,1.534728162432475,2017-03-01,254500.0,ALFRED vintage,1.168695652173913,ALFRED vintage,4.5,1.534728162432475
2017-05-31,4.4,1.0018181818181815,239000.0,0,0,0,100.1408,1.7500792534729248,4.4,2017-04-01,2.1915102309037597,2017-04-01,241400.0,ALFRED vintage,1.0563157894736843,ALFRED vintage,4.4,2.1915102309037597
2017-06-30,4.3,0.8445454545454546,248000.0,0,0,0,100.3471,1.480330854653911,4.3,2017-05-01,2.2122481392669258,2017-05-01,239750.0,ALFRED vintage,1.0018181818181815,ALFRED vintage,4.3,2.2122481392669258
2017-07-31,4.3,0.9455,250800.0,0,0,0,100.1068,1.1187969195710634,4.4,2017-06-01,1.9734322166615528,2017-06-01,242250.0,ALFRED vintage,0.8445454545454545,ALFRED vintage,4.4,1.9734322166615528
2017-08-31,4.4,0.8739130434782609,247750.0,0,0,0,99.6925,0.8523014668689877,4.3,2017-07-01,2.1880053053122017,2017-07-01,243600.0,ALFRED vintage,0.9455000000000002,ALFRED vintage,4.3,2.1880053053122017
2017-09-30,4.3,0.8175000000000001,272400.0,0,0,0,99.7954,1.0630336308315114,4.4,2017-08-01,1.5445112214833578,2017-08-01,236750.0,ALFRED vintage,0.8739130434782608,ALFRED vintage,4.4,1.5445112214833578
2017-10-31,4.2,0.8104761904761905,242250.0,0,0,0,101.0247,2.2919955326540453,4.2,2017-09-01,1.599090395359548,2017-09-01,273200.0,ALFRED vintage,0.8174999999999999,ALFRED vintage,4.2,1.599090395359548
2017-11-30,4.2,0.6566666666666666,247750.0,0,0,0,101.2664,2.9662701539719283,4.1,2017-10-01,2.881243566705627,2017-10-01,232500.0,ALFRED vintage,0.8104761904761906,ALFRED vintage,4.1,2.881243566705627
2017-12-31,4.1,0.5585,242600.0,0,0,0,101.4644,2.467143465957866,4.1,2017-11-01,3.350338715348955,2017-11-01,242250.0,ALFRED vintage,0.6566666666666666,ALFRED vintage,4.1,3.350338715348955
2018-01-31,4.0,0.5519047619047619,235250.0,0,0,0,101.4625,2.735287476546944,4.1,2017-12-01,3.5620015900932334,2017-12-01,240600.0,ALFRED vintage,0.5585,ALFRED vintage,4.1,3.5620015900932334
2018-02-28,4.1,0.6836842105263158,221000.0,0,0,0,101.7085,3.3994953469032696,4.1,2018-01-01,3.659580966815268,2018-01-01,234500.0,ALFRED vintage,0.5519047619047619,ALFRED vintage,4.1,3.659580966815268
2018-03-31,4.0,0.5666666666666667,225800.0,0,0,0,102.2067,3.224806264183644,4.1,2018-02-01,4.261561081233478,2018-02-01,223000.0,ALFRED vintage,0.6836842105263159,ALFRED vintage,4.1,4.261561081233478
2018-04-30,4.0,0.4847619047619047,221500.0,0,0,0,103.3329,3.309758614070435,4.1,2018-03-01,4.325101534603526,2018-03-01,228600.0,ALFRED vintage,0.5666666666666667,ALFRED vintage,4.1,4.325101534603526
2018-05-31,3.8,0.4659090909090909,221250.0,0,0,0,102.4024,2.258420144436624,3.9,2018-04-01,3.461704597608062,2018-04-01,221500.0,ALFRED vintage,0.4847619047619047,ALFRED vintage,3.9,3.461704597608062
2018-06-30,4.0,0.379047619047619,222600.0,0,0,0,103.198,2.8410387544831828,3.8,2018-05-01,3.4600591444971185,2018-05-01,222750.0,ALFRED vintage,0.4659090909090908,ALFRED vintage,3.8,3.4600591444971185
2018-07-31,3.8,0.2823809523809523,209500.0,0,0,0,103.3646,3.2543243815604805,4.0,2018-06-01,3.7997128292104776,2018-06-01,224200.0,ALFRED vintage,0.379047619047619,ALFRED vintage,4.0,3.7997128292104776
2018-08-31,3.8,0.2534782608695652,208500.0,0,0,0,104.0327,4.353587280888749,3.9,2018-07-01,4.225318131722844,2018-07-01,214750.0,ALFRED vintage,0.2823809523809524,ALFRED vintage,3.9,4.225318131722844
2018-09-30,3.7,0.2363157894736842,205200.0,0,0,0,104.1004,4.313826088176409,3.9,2018-08-01,4.880149928872934,2018-08-01,212250.0,ALFRED vintage,0.2534782608695652,ALFRED vintage,3.9,4.880149928872934
2018-10-31,3.8,0.2913636363636364,213000.0,0,0,0,103.9856,2.930867401734427,3.7,2018-09-01,5.1428626812437095,2018-09-01,206600.0,ALFRED vintage,0.2363157894736842,ALFRED vintage,3.7,5.1428626812437095
2018-11-30,3.8,0.258,225250.0,0,0,0,104.0681,2.7666629800210174,3.7,2018-10-01,4.10510410472229,2018-10-01,214000.0,ALFRED vintage,0.2913636363636364,ALFRED vintage,3.7,4.10510410472229
2018-12-31,3.9,0.1563157894736842,224600.0,0,0,0,104.0936,2.5912536810940523,3.7,2018-11-01,3.892708342236939,2018-11-01,223750.0,ALFRED vintage,0.258,ALFRED vintage,3.7,3.892708342236939
2019-01-31,4.0,0.1704761904761904,222750.0,0,0,0,103.4021,1.9116422323518512,3.9,2018-12-01,3.950938736766063,2018-12-01,222000.0,ALFRED vintage,0.1563157894736842,ALFRED vintage,3.9,3.950938736766063
2019-02-28,3.8,0.1721052631578947,222500.0,0,0,0,102.8371,1.1096417703535089,4.0,2019-01-01,3.800939138121207,2019-01-01,220250.0,ALFRED vintage,0.1704761904761905,ALFRED vintage,4.0,3.800939138121207
2019-03-31,3.8,0.1614285714285714,211800.0,0,0,1,102.8757,0.6545559146318158,3.8,2019-02-01,3.594365816813072,2019-02-01,224500.0,ALFRED vintage,0.1721052631578947,ALFRED vintage,3.8,3.594365816813072
2019-04-30,3.7,0.1876190476190476,209750.0,0,0,1,102.274,-1.0247462328067725,3.8,2019-03-01,2.768715519258857,2019-03-01,214800.0,ALFRED vintage,0.1614285714285714,ALFRED vintage,3.8,2.768715519258857
2019-05-31,3.6,0.1886363636363636,218500.0,0,0,1,102.392,-0.0101560119684762,3.6,2019-04-01,0.8866010055228912,2019-04-01,212500.0,ALFRED vintage,0.1876190476190476,ALFRED vintage,3.6,0.8866010055228912
2019-06-30,3.6,0.26,225200.0,0,0,1,102.4375,-0.7369328862962377,3.6,2019-05-01,2.049664738333834,2019-05-01,217500.0,ALFRED vintage,0.1886363636363636,ALFRED vintage,3.6,2.049664738333834
2019-07-31,3.7,0.2240909090909091,208500.0,0,0,1,101.9408,-1.3774541767684445,3.7,2019-06-01,1.318101851980269,2019-06-01,221800.0,ALFRED vintage,0.26,ALFRED vintage,3.7,1.318101851980269
2019-08-31,3.6,0.055,211000.0,0,0,1,102.639,-1.3396749291328724,3.7,2019-07-01,0.4819055332621502,2019-07-01,212000.0,ALFRED vintage,0.2240909090909091,ALFRED vintage,3.7,0.4819055332621502
2019-09-30,3.5,0.0515,209500.0,0,0,1,102.2917,-1.7374573008364869,3.7,2019-08-01,0.3615626078524725,2019-08-01,215600.0,ALFRED vintage,0.055,ALFRED vintage,3.7,0.3615626078524725
2019-10-31,3.6,0.1554545454545454,212250.0,0,0,1,101.4281,-2.4594751580988228,3.5,2019-09-01,-0.1436062398962767,2019-09-01,212750.0,ALFRED vintage,0.0515,ALFRED vintage,3.5,-0.1436062398962767
2019-11-30,3.6,0.1994736842105263,224400.0,0,0,1,101.9372,-2.047601522464615,3.6,2019-10-01,-1.1327689655329265,2019-10-01,215000.0,ALFRED vintage,0.1554545454545454,ALFRED vintage,3.6,-1.1327689655329265
2019-12-31,3.6,0.2495238095238095,236000.0,0,0,1,101.7003,-2.2991807373363926,3.5,2019-11-01,-0.7508142040256294,2019-11-01,216400.0,ALFRED vintage,0.1994736842105263,ALFRED vintage,3.5,-0.7508142040256294
2020-01-31,3.6,0.2385714285714285,215500.0,0,0,1,101.0338,-2.290379015513233,3.5,2019-12-01,-1.0118351973196105,2019-12-01,233500.0,ALFRED vintage,0.2495238095238095,ALFRED vintage,3.5,-1.0118351973196105
2020-02-29,3.5,0.1731578947368421,210200.0,0,0,1,101.3735,-1.4232217750208775,3.6,2020-01-01,-0.8317403524385036,2020-01-01,214750.0,ALFRED vintage,0.2385714285714285,ALFRED vintage,3.6,-0.8317403524385036
2020-03-31,4.4,0.4218181818181818,2335250.0,1,1,0,97.4078,-5.315054964389065,3.5,2020-02-01,0.0368737284724529,2020-02-01,211400.0,ALFRED vintage,0.1731578947368421,ALFRED vintage,3.5,0.0368737284724529
2020-04-30,14.8,0.4328571428571428,4663250.0,1,0,0,84.5619,-17.318282261376304,4.4,2020-03-01,-5.486451175270856,2020-03-01,2666750.0,ALFRED vintage,0.4218181818181818,ALFRED vintage,4.4,-5.486451175270856
2020-05-31,13.2,0.5035000000000001,2173400.0,0,0,0,85.9604,-16.047738104539413,14.7,2020-04-01,-15.04457338735724,2020-04-01,5040250.0,ALFRED vintage,0.4328571428571428,ALFRED vintage,14.7,-15.04457338735724
2020-06-30,11.0,0.5436363636363637,1490250.0,0,0,0,91.5934,-10.586064673581452,13.3,2020-05-01,-15.267462811188503,2020-05-01,2465800.0,ALFRED vintage,0.5035000000000001,ALFRED vintage,13.3,-15.267462811188503
2020-07-31,10.2,0.4754545454545455,1383500.0,0,0,0,95.0256,-6.783544959427434,11.1,2020-06-01,-10.815319544571889,2020-06-01,1499000.0,ALFRED vintage,0.5436363636363637,ALFRED vintage,11.1,-10.815319544571889
2020-08-31,8.4,0.5104761904761905,922400.0,0,0,0,95.9549,-6.512241935326724,10.2,2020-07-01,-8.175902872250319,2020-07-01,1368750.0,ALFRED vintage,0.4754545454545454,ALFRED vintage,10.2,-8.175902872250319
2020-09-30,7.8,0.5447619047619048,851750.0,0,0,0,95.9669,-6.183101854793705,8.4,2020-08-01,-7.731877586949254,2020-08-01,1032200.0,ALFRED vintage,0.5104761904761904,ALFRED vintage,8.4,-7.731877586949254
2020-10-31,6.9,0.6376190476190476,795400.0,0,0,0,96.7394,-4.622683457542831,7.9,2020-09-01,-7.277626801251458,2020-09-01,870250.0,ALFRED vintage,0.5447619047619048,ALFRED vintage,7.9,-7.277626801251458
2020-11-30,6.7,0.7042105263157895,751250.0,0,0,0,97.0816,-4.763324870606622,6.9,2020-10-01,-5.339594779274859,2020-10-01,784200.0,ALFRED vintage,0.6376190476190478,ALFRED vintage,6.9,-5.339594779274859
2020-12-31,6.7,0.7977272727272727,836750.0,0,0,0,98.363,-3.28150457766595,6.7,2020-11-01,-5.5044220765766205,2020-11-01,740500.0,ALFRED vintage,0.7042105263157894,ALFRED vintage,6.7,-5.5044220765766205
2021-01-31,6.4,0.95,827800.0,0,0,0,98.8822,-2.12958435691818,6.7,2020-12-01,-3.582492724757347,2020-12-01,835500.0,ALFRED vintage,0.7977272727272727,ALFRED vintage,6.7,-3.582492724757347
2021-02-28,6.2,1.1426315789473684,755000.0,0,0,0,95.6149,-5.680577271180343,6.3,2021-01-01,-1.831945010509739,2021-01-01,842000.0,ALFRED vintage,0.95,ALFRED vintage,6.3,-1.831945010509739
2021-03-31,6.1,1.463913043478261,669250.0,0,0,0,98.3856,1.0038210492383517,6.2,2021-02-01,-4.248988532122677,2021-02-01,793000.0,ALFRED vintage,1.1426315789473689,ALFRED vintage,6.2,-4.248988532122677
2021-04-30,6.1,1.471818181818182,589000.0,0,0,0,98.5587,16.55213518144698,6.0,2021-03-01,1.0150006553637958,2021-03-01,721500.0,ALFRED vintage,1.4639130434782606,ALFRED vintage,6.0,1.0150006553637958
2021-05-31,5.8,1.466,469200.0,0,0,0,99.4333,15.673379835366053,6.1,2021-04-01,17.589172678018762,2021-04-01,621000.0,ALFRED vintage,1.4718181818181817,ALFRED vintage,6.1,17.589172678018762
2021-06-30,5.9,1.3163636363636364,409500.0,0,0,0,99.7987,8.958396565691418,5.8,2021-05-01,16.323677766724053,2021-05-01,444400.0,ALFRED vintage,1.466,ALFRED vintage,5.8,16.323677766724053
2021-07-31,5.4,1.099047619047619,370000.0,0,0,0,100.2519,5.4998863464161385,5.9,2021-06-01,9.798907880678607,2021-06-01,394000.0,ALFRED vintage,1.3163636363636362,ALFRED vintage,5.9,9.798907880678607
2021-08-31,5.1,1.0659090909090911,359750.0,0,0,0,100.0437,4.261168528131454,5.4,2021-07-01,6.561476761721896,2021-07-01,392800.0,ALFRED vintage,1.099047619047619,ALFRED vintage,5.4,6.561476761721896
2021-09-30,4.7,1.1338095238095238,354750.0,0,0,0,98.8579,3.012497017200721,5.2,2021-08-01,5.946769504152583,2021-08-01,356250.0,ALFRED vintage,1.0659090909090911,ALFRED vintage,5.2,5.946769504152583
2021-10-31,4.5,1.19,284400.0,0,0,0,100.1861,3.5628709708763973,4.8,2021-09-01,4.61905045820219,2021-09-01,340500.0,ALFRED vintage,1.1338095238095238,ALFRED vintage,4.8,4.61905045820219
2021-11-30,4.1,1.0515,236500.0,0,0,0,100.8654,3.897545981936834,4.6,2021-10-01,5.1379579369530415,2021-10-01,294000.0,ALFRED vintage,1.19,ALFRED vintage,4.6,5.1379579369530415
2021-12-31,3.9,0.785,216250.0,0,0,0,100.5726,2.2463731281071158,4.2,2021-11-01,5.274035131416044,2021-11-01,240000.0,ALFRED vintage,1.0515,ALFRED vintage,4.2,5.274035131416044
2022-01-31,4.0,0.7835,239200.0,0,0,0,100.1856,1.3181341030033655,3.9,2021-12-01,3.670128014944241,2021-12-01,199750.0,ALFRED vintage,0.7850000000000001,ALFRED vintage,3.9,3.670128014944241
2022-02-28,3.9,0.4989473684210526,219000.0,0,0,0,100.8064,5.429593086433182,4.0,2022-01-01,4.084295365746682,2022-01-01,245600.0,ALFRED vintage,0.7835000000000001,ALFRED vintage,4.0,4.084295365746682
2022-03-31,3.7,0.2182608695652173,215000.0,0,0,0,101.3907,3.054410401522168,3.8,2022-02-01,7.453063697267326,2022-02-01,230750.0,ALFRED vintage,0.4989473684210526,ALFRED vintage,3.8,7.453063697267326
2022-04-30,3.7,0.2095,213000.0,0,0,0,101.44,2.923435475508507,3.6,2022-03-01,5.469344041758029,2022-03-01,178000.0,ALFRED vintage,0.2182608695652173,ALFRED vintage,3.6,5.469344041758029
2022-05-31,3.6,0.2814285714285714,209750.0,0,0,0,101.3335,1.911029805910092,3.6,2022-04-01,6.404269983555277,2022-04-01,184400.0,ALFRED vintage,0.2095,ALFRED vintage,3.6,6.404269983555277
2022-06-30,3.6,0.1452380952380952,212500.0,0,0,0,101.018,1.2217594016755706,3.6,2022-05-01,5.425918409276553,2022-05-01,207000.0,ALFRED vintage,0.2814285714285714,ALFRED vintage,3.6,5.425918409276553
2022-07-31,3.5,-0.1399999999999999,218200.0,0,0,0,101.223,0.968659945597028,3.6,2022-06-01,4.164491682494553,2022-06-01,231750.0,ALFRED vintage,0.1452380952380952,ALFRED vintage,3.6,4.164491682494553
2022-08-31,3.6,-0.3521739130434782,216500.0,0,0,0,101.0963,1.0521402147261716,3.5,2022-07-01,3.901067090700727,2022-07-01,245200.0,ALFRED vintage,-0.14,ALFRED vintage,3.5,3.901067090700727
2022-09-30,3.5,-0.3376190476190476,197500.0,0,0,0,101.2918,2.462018715752601,3.7,2022-08-01,3.678610034015284,2022-08-01,240500.0,ALFRED vintage,-0.3521739130434782,ALFRED vintage,3.7,3.678610034015284
2022-10-31,3.6,-0.3915,202600.0,0,0,0,101.2529,1.0648183730078251,3.5,2022-09-01,5.334412287255441,2022-09-01,206250.0,ALFRED vintage,-0.3376190476190476,ALFRED vintage,3.5,5.334412287255441
2022-11-30,3.6,-0.6125,210750.0,0,0,0,100.9552,0.0890295383749073,3.7,2022-10-01,3.28452390583287,2022-10-01,219000.0,ALFRED vintage,-0.3914999999999999,ALFRED vintage,3.7,3.28452390583287
2022-12-31,3.5,-0.6723809523809524,208200.0,0,0,0,99.7664,-0.8016099812473643,3.7,2022-11-01,2.507331234491628,2022-11-01,229000.0,ALFRED vintage,-0.6125,ALFRED vintage,3.7,2.507331234491628
2023-01-31,3.5,-0.6759999999999999,204500.0,0,0,0,100.505,0.3188082918103907,3.5,2022-12-01,1.6455595442944837,2022-12-01,217600.0,ALFRED vintage,-0.6723809523809524,ALFRED vintage,3.5,1.6455595442944837
2023-02-28,3.6,-0.7868421052631579,214750.0,0,0,0,100.6416,-0.1634816837026265,3.4,2023-01-01,0.7895561255457872,2023-01-01,191750.0,ALFRED vintage,-0.6759999999999999,ALFRED vintage,3.4,0.7895561255457872
2023-03-31,3.5,-0.6395652173913043,229000.0,0,0,0,101.0205,-0.3651222449396196,3.6,2023-02-01,0.3220013257721144,2023-02-01,193000.0,ALFRED vintage,-0.7868421052631579,ALFRED vintage,3.6,0.3220013257721144
2023-04-30,3.4,-0.5559999999999999,216400.0,0,0,0,101.253,-0.1843454258675048,3.5,2023-03-01,0.534553757879741,2023-03-01,242000.0,ALFRED vintage,-0.6395652173913045,ALFRED vintage,3.5,0.534553757879741
2023-05-31,3.6,-0.5581818181818181,226000.0,0,0,0,100.9286,-0.3995717112307395,3.4,2023-04-01,0.2378513414523775,2023-04-01,237000.0,ALFRED vintage,-0.5560000000000002,ALFRED vintage,3.4,0.2378513414523775
2023-06-30,3.6,-0.8914285714285713,250750.0,0,0,0,100.1196,-0.8893464531073647,3.7,2023-05-01,0.2274830239090697,2023-05-01,229750.0,ALFRED vintage,-0.5581818181818181,ALFRED vintage,3.7,0.2274830239090697
2023-07-31,3.5,-0.929,235200.0,0,0,0,100.9067,-0.3124783892988758,3.6,2023-06-01,-0.4280025670415743,2023-06-01,256750.0,ALFRED vintage,-0.8914285714285713,ALFRED vintage,3.6,-0.4280025670415743
2023-08-31,3.7,-0.7339130434782608,245000.0,0,0,0,100.8393,-0.2542130621991156,3.5,2023-07-01,-0.2298977628843568,2023-07-01,232400.0,ALFRED vintage,-0.929,ALFRED vintage,3.5,-0.2298977628843568
2023-09-30,3.7,-0.643,218600.0,0,0,0,101.0211,-0.2672476942852109,3.8,2023-08-01,0.2462357508737467,2023-08-01,237750.0,ALFRED vintage,-0.7339130434782608,ALFRED vintage,3.8,0.2462357508737467
2023-10-31,3.9,-0.2695238095238095,210250.0,0,0,0,100.4689,-0.7742988102069082,3.8,2023-09-01,0.080364499368768,2023-09-01,210800.0,ALFRED vintage,-0.643,ALFRED vintage,3.8,0.080364499368768
2023-11-30,3.7,-0.3795238095238095,218000.0,0,0,0,100.8639,-0.0904361538583531,3.9,2023-10-01,-0.680099099325604,2023-10-01,210750.0,ALFRED vintage,-0.2695238095238095,ALFRED vintage,3.9,-0.680099099325604
2023-12-31,3.8,-0.437,207800.0,0,0,0,100.6031,0.8386591076755323,3.7,2023-11-01,-0.3935162951255844,2023-11-01,220250.0,ALFRED vintage,-0.3795238095238095,ALFRED vintage,3.7,-0.3935162951255844
2024-01-31,3.7,-0.2647619047619048,211500.0,0,0,0,99.2223,-1.2762549126908995,3.7,2023-12-01,0.9845809421706432,2023-12-01,210600.0,ALFRED vintage,-0.437,ALFRED vintage,3.7,0.9845809421706432
2024-02-29,3.9,-0.3365,210000.0,0,0,0,100.285,-0.3543266402759926,3.7,2024-01-01,0.0254515455231585,2024-01-01,208500.0,ALFRED vintage,-0.2647619047619047,ALFRED vintage,3.7,0.0254515455231585
2024-03-31,3.9,-0.3795,215200.0,0,0,0,100.4575,-0.557312624665296,3.9,2024-02-01,-0.229898281222729,2024-02-01,209250.0,ALFRED vintage,-0.3364999999999999,ALFRED vintage,3.9,-0.229898281222729
2024-04-30,3.9,-0.334090909090909,210250.0,0,0,0,100.2434,-0.997106258579994,3.8,2024-03-01,-0.0014611452261448,2024-03-01,213600.0,ALFRED vintage,-0.3795,ALFRED vintage,3.8,-0.0014611452261448
2024-05-31,3.9,-0.3740909090909091,222000.0,0,0,0,100.863,-0.0649964430300298,3.9,2024-04-01,-0.3770193657466003,2024-04-01,210250.0,ALFRED vintage,-0.334090909090909,ALFRED vintage,3.9,-0.3770193657466003
2024-06-30,4.1,-0.431578947368421,234800.0,0,0,0,100.894,0.7734749239909133,4.0,2024-05-01,0.1319662189784631,2024-05-01,223000.0,ALFRED vintage,-0.3740909090909091,ALFRED vintage,4.0,0.1319662189784631
2024-07-31,4.2,-0.2472727272727272,237250.0,0,0,0,99.9757,-0.9226344732312096,4.1,2024-06-01,1.575684527094423,2024-06-01,236800.0,ALFRED vintage,-0.431578947368421,ALFRED vintage,4.1,1.575684527094423
2024-08-31,4.2,-0.0945454545454545,230600.0,0,0,0,100.4309,-0.4050008280501727,4.3,2024-07-01,-0.1780305455787223,2024-07-01,238250.0,ALFRED vintage,-0.2472727272727273,ALFRED vintage,4.3,-0.1780305455787223
2024-09-30,4.1,0.101,224500.0,0,0,0,99.8084,-1.2004422838397089,4.2,2024-08-01,0.0424850453610403,2024-08-01,231000.0,ALFRED vintage,-0.0945454545454545,ALFRED vintage,4.2,0.0424850453610403
2024-10-31,4.1,0.1231818181818181,236250.0,0,0,0,99.4695,-0.9947356843759692,4.1,2024-09-01,-0.6449639476478586,2024-09-01,224250.0,ALFRED vintage,0.101,ALFRED vintage,4.1,-0.6449639476478586
2024-11-30,4.2,0.0984210526315789,219200.0,0,0,0,99.2925,-1.5579409481489392,4.1,2024-10-01,-0.2901204058176176,2024-10-01,237000.0,ALFRED vintage,0.1231818181818182,ALFRED vintage,4.1,-0.2901204058176176
2024-12-31,4.1,0.1657142857142857,222750.0,0,0,0,100.3273,-0.2741466217243804,4.2,2024-11-01,-0.8987547479365587,2024-11-01,219000.0,ALFRED vintage,0.0984210526315789,ALFRED vintage,4.2,-0.8987547479365587
2025-01-31,4.0,0.3571428571428571,215000.0,0,0,0,100.0647,0.849002693950851,4.1,2024-12-01,0.5488600411766908,2024-12-01,223250.0,ALFRED vintage,0.1657142857142857,ALFRED vintage,4.1,0.5488600411766908
2025-02-28,4.2,0.2410526315789473,225000.0,0,0,0,101.0993,0.8119858403550007,4.0,2025-01-01,1.9983642580530647,2025-01-01,212750.0,ALFRED vintage,0.3571428571428572,ALFRED vintage,4.0,1.9983642580530647
2025-03-31,4.2,0.3104761904761904,223000.0,0,0,0,101.0404,0.5802453773984029,4.1,2025-02-01,1.440229268534865,2025-02-01,226000.0,ALFRED vintage,0.2410526315789473,ALFRED vintage,4.1,1.440229268534865
2025-04-30,4.2,0.5014285714285714,225750.0,0,0,0,101.1279,0.8823523543694645,4.2,2025-03-01,1.336928128164061,2025-03-01,223200.0,ALFRED vintage,0.3104761904761904,ALFRED vintage,4.2,1.336928128164061
2025-05-31,4.3,0.5038095238095238,231800.0,0,0,0,100.9655,0.101622993565531,4.2,2025-04-01,1.4880301064511547,2025-04-01,226000.0,ALFRED vintage,0.5014285714285714,ALFRED vintage,4.2,1.4880301064511547
2025-06-30,4.1,0.4945,239000.0,0,0,0,101.4785,0.5793208714095943,4.2,2025-05-01,0.5973021867416772,2025-05-01,234000.0,ALFRED vintage,0.5038095238095237,ALFRED vintage,4.2,0.5973021867416772
